,출발시간,목적지,운항편/항공사,터미널,체크인 카운터,탑승구,출발현황,운항속보
0,00시01분,상하이/푸동 (PVG),ZE871Y이스타항공,T1,F07-F18,130, 출발 ,-
1,00시06분,마닐라 (MNL),Z2889Y필리핀에어아시아,T1,F01-F20,119, 출발 ,-
2,00시08분,양저우 (YTY),9C6182춘추항공,T1,C19-C22,118, 출발 ,-
3,00시11분,칭다오 (TAO),SC4722Y산동항공,T1,,15, 출발 ,-
4,00시11분,칭다오 (TAO),OZ6717Y아시아나항공,T1,,15, 출발 ,
5,00시11분,칭다오 (TAO),CA4722Y중국국제항공,T1,,15, 출발 ,
6,00시13분,쿠알라룸푸르 (KUL),D7509에어아시아엑스,T1,F21-F28,112, 출발 ,-
7,00시18분,쿠알라룸푸르 (KUL),MH039말레이시아 에어라인스,T1,M11-M16,26, 출발 ,-
8,00시18분,쿠알라룸푸르 (KUL),KE5669대한항공,T1,M11-M16,26, 출발 ,
9,00시22분,싱가포르 (SIN),KE647Y대한항공,T2,A B G,251, 출발 ,-
10,00시22분,싱가포르 (SIN),DL7662Y델타항공,T2,A B G,251, 출발 ,
11,00시26분,다낭 (DAD),QH485뱀부 항공,T1,B11-B15,42, 출발 ,-
12,00시32분,아부다비 (AUH),EY873에티하드 항공,T1,C23-C35,46, 출발 ,-
13,00시32분,아부다비 (AUH),AZ5689알리탈리아,T1,C23-C35,46, 출발 ,
14,00시32분,아부다비 (AUH),MS8089이집트항공,T1,C23-C35,46, 출발 ,
15,00시32분,아부다비 (AUH),RJ3632로얄 요르단 항공,T1,C23-C35,46, 출발 ,
16,00시32분,아부다비 (AUH),OZ6971아시아나항공,T1,C23-C35,46, 출발 ,
17,00시32분,아부다비 (AUH),XY3873플라이나스,T1,C23-C35,46, 출발 ,
18,00시32분,아부다비 (AUH),JU7574에어세르비아,T1,C23-C35,46, 출발 ,
19,00시32분,아부다비 (AUH),KE7901대한항공,T1,C23-C35,46, 출발 ,
20,00시32분,아부다비 (AUH),HM5377세이셸항공,T1,C23-C35,46, 출발 ,
21,00시32분,아부다비 (AUH),WY5873오만항공,T1,C23-C35,46, 출발 ,
22,00시32분,아부다비 (AUH),SV6775사우디 아라비안 항공,T1,C23-C35,46, 출발 ,
23,00시37분,방콕/돈므앙 (DMK),XJ703타이에어아시아엑스,T1,F21-F28,109, 출발 ,-
24,00시39분,마닐라 (MNL),5J187세부퍼시픽항공,T1,J01-J08,113, 출발 ,-
25,00시41분,도하 (DOH),QR859카타르항공,T1,D25-D34,40, 출발 ,-
26,00시41분,도하 (DOH),OZ6889아시아나항공,T1,D25-D34,40, 출발 ,
27,00시41분,도하 (DOH),AT9735로얄 에어 모로코,T1,D25-D34,40, 출발 ,
28,00시45분,다낭 (DAD),RS511Y에어서울,T1,D01-D04,101, 출발 ,-
29,00시45분,다낭 (DAD),OZ9671Y아시아나항공,T1,D01-D04,101, 출발 ,
30,00시52분,이스탄불 (IST),TK091터키항공,T1,E06-E18,10, 출발 ,-
31,00시52분,이스탄불 (IST),OZ6931아시아나항공,T1,E06-E18,10, 출발 ,
32,00시54분,두바이 (DXB),EK323Y에미레이트항공,T1,L24-M10,43, 출발 ,-
33,00시54분,두바이 (DXB),KE5951Y대한항공,T1,L24-M10,43, 출발 ,
34,01시01분,암스테르담 (AMS),KL856케에엘엠네덜란드항공,T2,E19-F05,253, 출발 ,-
35,01시01분,암스테르담 (AMS),KE5925대한항공,T2,E19-F05,253, 출발 ,
36,01시01분,암스테르담 (AMS),AF8421에어 프랑스,T2,E19-F05,253, 출발 ,
37,01시54분,두옹 당(푸꿕) (PQC),VJ975비엣젯항공,T1,E26-E29,107, 출발 ,-
38,01시56분,나트랑 (CXR),VJ839비엣젯항공,T1,E30-E34,106, 출발 ,-
39,02시06분,양곤 (RGN),8M802미얀마국제항공,T1,H31-H34,32, 출발 ,-
40,05시45분,나트랑 (CXR),QH493뱀부 항공,T1,J12-J16,22, 출발 ,-
41,06시06분,도쿄/나리타 (NRT),7C1162제주항공,T1,M19-N06,8, 출발 ,-
42,06시25분,나트랑 (CXR),VJ837비엣젯항공,T1,E01-E04,122, 출발 ,-
43,06시31분,나트랑 (CXR),VN441베트남항공,T1,E12-E16,105, 출발 ,-
44,06시31분,나트랑 (CXR),KE5679대한항공,T1,E12-E16,105, 출발 ,
45,06시36분,방콕/수완나폼 (BKK),7C2201제주항공,T1,M19-N06,33, 출발 ,-
46,06시36분,방콕/수완나폼 (BKK),H19957한 에어,T1,M19-N06,33, 출발 ,
47,06시38분,괌 (GUM),7C3100제주항공,T1,M19-N06,23, 출발 ,-
48,06시41분,칼리보 (KLO),8Y701팬퍼시픽항공,T1,M01-M10,31, 출발 ,-
49,06시44분,다낭 (DAD),VJ881비엣젯항공,T1,E19-E36,121, 출발 ,-
50,06시45분,부산 (PUS),OZ8533아시아나항공,T1,-,20, 출발 ,-
51,06시45분,부산 (PUS),TG6705타이항공,T1,-,20, 출발 ,
52,06시47분,세부 (CEB),8Y601팬퍼시픽항공,T1,M01-M10,45, 출발 ,-
53,06시51분,하노이 (HAN),VJ963비엣젯항공,T1,E19-E36,119, 출발 ,-
54,06시54분,홍콩 (HKG),HX647홍콩항공,T1,L28-L34,32, 출발 ,-
55,06시54분,홍콩 (HKG),LY9118이스라엘항공,T1,L28-L34,32, 출발 ,
56,06시54분,홍콩 (HKG),OZ9297아시아나항공,T1,L28-L34,32, 출발 ,
57,06시54분,홍콩 (HKG),AI7191에어인디아 리미티드,T1,L28-L34,32, 출발 ,
58,06시59분,칼리보 (KLO),Z2037필리핀에어아시아,T1,F01-F04,113, 출발 ,-
59,07시07분,후쿠오카 (FUK),LJ221진에어,T1,F19-F36,28, 출발 ,-
60,07시12분,보홀 팡라오 (TAG),7C4407제주항공,T1,M19-N06,30, 출발 ,-
61,07시14분,타이베이 (TPE),BR149에바항공,T1,D28-D33,27, 출발 ,-
62,07시14분,타이베이 (TPE),OZ6877아시아나항공,T1,D28-D33,27, 출발 ,
63,07시14분,타이베이 (TPE),NZ4921에어 뉴질랜드,T1,D28-D33,27, 출발 ,
64,07시14분,타이베이 (TPE),TG6395타이항공,T1,D28-D33,27, 출발 ,
65,07시20분,클라크필드 (CRK),8Y771팬퍼시픽항공,T1,M01-M10,47, 출발 ,-
66,07시23분,다낭 (DAD),ZE595이스타항공,T1,F05-F18,128, 출발 ,-
67,07시25분,하얼빈 (HRB),7C8905제주항공,T1,M19-N06,34, 출발 ,-
68,07시25분,하얼빈 (HRB),H19931한 에어,T1,M19-N06,34, 출발 ,
69,07시26분,오사카/ 간사이 (KIX),7C3172제주항공,T1,M19-N06,46, 출발 ,-
70,07시33분,타이중/칭촨강 (RMQ),TW669티웨이항공,T1,H01-H34,112, 출발 ,-
71,07시35분,다낭 (DAD),VJ879비엣젯항공,T1,E19-E36,117, 출발 ,-
72,07시37분,세부 (CEB),PR485필리핀항공,T1,J05-J07,43, 출발 ,-
73,07시39분,치앙마이 (CNX),TW113티웨이항공,T1,H01-H34,118, 출발 ,-
74,07시42분,옌타이 (YNT),MU5050중국동방항공,T1,H19-H30,132, 출발 ,-
75,07시42분,옌타이 (YNT),KE5845대한항공,T1,H19-H30,132, 출발 ,
76,07시43분,오사카/ 간사이 (KIX),MM012피치항공,T1,N07-N10,115, 출발 ,-
77,07시45분,하이퐁 (HPH),VJ925비엣젯항공,T1,E05-E08,104, 출발 ,-
78,07시49분,호찌민 (SGN),OZ731아시아나항공,T1,B19-C36,12, 출발 ,-
79,07시51분,칭다오 (TAO),TW607티웨이항공,T1,H01-H34,125, 출발 ,-
80,07시53분,닝보 (NGB),BX369에어부산,T1,L19-L22,106, 출발 ,-
81,07시54분,삿포로 (CTS),ZE621이스타항공,T1,F05-F18,131, 출발 ,-
82,07시56분,후쿠오카 (FUK),7C1408제주항공,T1,M19-N06,38, 출발 ,-
83,07시56분,후쿠오카 (FUK),H19911한 에어,T1,M19-N06,38, 출발 ,
84,07시59분,도쿄/나리타 (NRT),LJ201진에어,T1,F19-G11,37, 출발 ,-
85,07시59분,도쿄/나리타 (NRT),KE5741대한항공,T1,F19-G11,37, 출발 ,
86,08시01분,마닐라 (MNL),OZ701아시아나항공,T1,B19-C36,21, 출발 ,-
87,08시05분,칼리보 (KLO),5J181세부퍼시픽항공,T1,J01-J04,121, 출발 ,-
88,08시07분,다낭 (DAD),TW125티웨이항공,T1,H01-H34,102, 출발 ,-
89,08시09분,오사카/ 간사이 (KIX),TW281티웨이항공,T1,H01-H34,103, 출발 ,-
90,08시10분,가오슝 (KHH),ZE823이스타항공,T1,F05-F18,114, 출발 ,-
91,08시11분,도쿄/나리타 (NRT),TW211티웨이항공,T1,H01-H34,110, 출발 ,-
92,08시12분,클라크필드 (CRK),PR491필리핀항공,T1,J08-J10,45, 출발 ,-
93,08시14분,타이베이 (TPE),ZE881이스타항공,T1,F05-F18,126, 출발 ,-
94,08시16분,다낭 (DAD),LJ077진에어,T1,F19-G11,130, 출발 ,-
95,08시16분,다낭 (DAD),KE5789대한항공,T1,F19-G11,130, 출발 ,
96,08시19분,마닐라 (MNL),PR467필리핀항공,T1,J11-J16,42, 출발 ,-
97,08시22분,코타키나발루 (BKI),LJ063진에어,T1,F19-G11,48, 출발 ,-
98,08시22분,코타키나발루 (BKI),KE5787대한항공,T1,F19-G11,48, 출발 ,
99,08시22분,나고야 (NGO),OZ122아시아나항공,T1,B19-C36,6, 출발 ,-
100,08시22분,나고야 (NGO),NH6964전일본공수 주식회사,T1,B19-C36,6, 출발 ,
101,08시24분,호찌민 (SGN),VJ865비엣젯항공,T1,E34-E34,119, 출발 ,-
102,08시26분,오카야마 (OKJ),KE747대한항공,T2,A B D E G,263, 출발 ,-
103,08시26분,오카야마 (OKJ),DL7893델타항공,T2,A B D E G,263, 출발 ,
104,08시26분,오카야마 (OKJ),AZ2766알리탈리아,T2,A B D E G,263, 출발 ,
105,08시26분,오카야마 (OKJ),JL5260일본항공,T2,A B D E G,263, 출발 ,
106,08시28분,오사카/ 간사이 (KIX),LJ211진에어,T1,F19-G11,41, 출발 ,-
107,08시29분,칭다오 (TAO),7C8401제주항공,T1,M19-N06,34, 출발 ,-
108,08시29분,칭다오 (TAO),H19897한 에어,T1,M19-N06,34, 출발 ,
109,08시31분,오사카/ 간사이 (KIX),OZ112아시아나항공,T1,B19-C36,20, 출발 ,-
110,08시31분,오사카/ 간사이 (KIX),NH6952전일본공수 주식회사,T1,B19-C36,20, 출발 ,
111,08시31분,하노이 (HAN),KE479대한항공,T2,A B D E G,255, 출발 ,-
112,08시31분,하노이 (HAN),VN3415베트남항공,T2,A B D E G,255, 출발 ,
113,08시31분,하노이 (HAN),DL7696델타항공,T2,A B D E G,255, 출발 ,
114,08시33분,홍콩 (HKG),KE603대한항공,T2,A B D E G,231, 출발 ,-
115,08시33분,홍콩 (HKG),DL7915델타항공,T2,A B D E G,231, 출발 ,
116,08시34분,후쿠오카 (FUK),KE787대한항공,T2,A B D E G,245, 출발 ,-
117,08시34분,후쿠오카 (FUK),DL7892델타항공,T2,A B D E G,245, 출발 ,
118,08시34분,후쿠오카 (FUK),JL5220일본항공,T2,A B D E G,245, 출발 ,
119,08시35분,칭다오 (TAO),MU2044중국동방항공,T1,H19-H30,129, 출발 ,-
120,08시35분,부산 (PUS),KE1401대한항공,T2,-,234, 출발 ,-
121,08시35분,부산 (PUS),DL7879델타항공,T2,-,234, 출발 ,
122,08시37분,고마쓰 (KMQ),KE775대한항공,T2,A B D E G,242, 출발 ,-
123,08시37분,고마쓰 (KMQ),DL7935델타항공,T2,A B D E G,242, 출발 ,
124,08시37분,고마쓰 (KMQ),AF7873에어 프랑스,T2,A B D E G,242, 출발 ,
125,08시37분,고마쓰 (KMQ),JL5228일본항공,T2,A B D E G,242, 출발 ,
126,08시39분,상하이/푸동 (PVG),KE893대한항공,T2,A B D E G,246, 출발 ,-
127,08시39분,상하이/푸동 (PVG),FM8752상하이항공,T2,A B D E G,246, 출발 ,
128,08시39분,상하이/푸동 (PVG),MU8357중국동방항공,T2,A B D E G,246, 출발 ,
129,08시40분,오사카/ 간사이 (KIX),RS711에어서울,T1,D01-D05,101, 출발 ,-
130,08시40분,오사카/ 간사이 (KIX),OZ9611아시아나항공,T1,D01-D05,101, 출발 ,
131,08시44분,충칭 (CKG),OZ353아시아나항공,T1,B19-C36,18, 출발 ,-
132,08시44분,충칭 (CKG),CA5042중국국제항공,T1,B19-C36,18, 출발 ,
133,08시46분,베이징 (PEK),OZ331아시아나항공,T1,B19-C36,22, 출발 ,-
134,08시46분,베이징 (PEK),CA5002중국국제항공,T1,B19-C36,22, 출발 ,
135,08시50분,광저우 (CAN),OZ369아시아나항공,T1,B19-C36,31, 출발 ,-
136,08시52분,칭다오 (TAO),SC4620산동항공,T1,N11-N14,37, 출발 ,-
137,08시52분,칭다오 (TAO),OZ6703아시아나항공,T1,N11-N14,37, 출발 ,
138,08시52분,칭다오 (TAO),CA4620중국국제항공,T1,N11-N14,37, 출발 ,
139,08시53분,후쿠오카 (FUK),OZ132아시아나항공,T1,B19-C36,10, 출발 ,-
140,08시53분,후쿠오카 (FUK),NH6962전일본공수 주식회사,T1,B19-C36,10, 출발 ,
141,08시56분,도쿄/나리타 (NRT),ZE601이스타항공,T1,F05-F18,108, 출발 ,-
142,08시56분,하노이 (HAN),OZ727아시아나항공,T1,B19-C36,14, 출발 ,-
143,08시58분,세부 (CEB),LJ021진에어,T1,F19-G11,107, 출발 ,-
144,08시58분,세부 (CEB),KE5781대한항공,T1,F19-G11,107, 출발 ,
145,09시04분,마닐라 (MNL),KE621대한항공,T2,A B D E G,232, 출발 ,-
146,09시07분,상하이/푸동 (PVG),MU5052중국동방항공,T1,H19-H30,123, 출발 ,-
147,09시07분,상하이/푸동 (PVG),CZ510중국남방항공,T1,H19-H30,123, 출발 ,
148,09시07분,상하이/푸동 (PVG),FM5052상하이항공,T1,H19-H30,123, 출발 ,
149,09시07분,상하이/푸동 (PVG),KE5879대한항공,T1,H19-H30,123, 출발 ,
150,09시08분,선양 (SHE),KE831대한항공,T2,A B D E G,252, 출발 ,-
151,09시08분,선양 (SHE),CZ4516중국남방항공,T2,A B D E G,252, 출발 ,
152,09시11분,괌 (GUM),LJ653진에어,T1,F19-G11,36, 출발 ,-
153,09시12분,광저우 (CAN),KE865대한항공,T2,A B D E G,241, 출발 ,-
154,09시12분,광저우 (CAN),CZ4502중국남방항공,T2,A B D E G,241, 출발 ,
155,09시13분,창사 (CSX),KE819대한항공,T2,A B D E G,235, 출발 ,-
156,09시13분,창사 (CSX),MU8365중국동방항공,T2,A B D E G,235, 출발 ,
157,09시15분,나고야 (NGO),KE741대한항공,T2,A B D E G,249, 출발 ,-
158,09시15분,나고야 (NGO),AF7907에어 프랑스,T2,A B D E G,249, 출발 ,
159,09시15분,나고야 (NGO),JL5216일본항공,T2,A B D E G,249, 출발 ,
160,09시17분,톈진 (TSN),OZ327아시아나항공,T1,B19-C36,23, 출발 ,-
161,09시17분,톈진 (TSN),CA5014중국국제항공,T1,B19-C36,23, 출발 ,
162,09시18분,사이판 (SPN),OZ623아시아나항공,T1,B19-C36,12, 출발 ,-
163,09시19분,선전 (SZX),KE827대한항공,T2,A B D E G,258, 출발 ,-
164,09시19분,선전 (SZX),CZ4540중국남방항공,T2,A B D E G,258, 출발 ,
165,09시21분,홍콩 (HKG),OZ721아시아나항공,T1,B19-C36,30, 출발 ,-
166,09시21분,홍콩 (HKG),SA7171남아프리카항공,T1,B19-C36,30, 출발 ,
167,09시21분,홍콩 (HKG),HX1551홍콩항공,T1,B19-C36,30, 출발 ,
168,09시21분,홍콩 (HKG),UA7306유나이티드항공,T1,B19-C36,30, 출발 ,
169,09시22분,오사카/ 간사이 (KIX),KE723대한항공,T2,A B D E G,260, 출발 ,-
170,09시22분,오사카/ 간사이 (KIX),DL7698델타항공,T2,A B D E G,260, 출발 ,
171,09시22분,오사카/ 간사이 (KIX),JL5210일본항공,T2,A B D E G,260, 출발 ,
172,09시22분,오사카/ 간사이 (KIX),AF7884에어 프랑스,T2,A B D E G,260, 출발 ,
173,09시23분,칭다오 (TAO),OZ317아시아나항공,T1,B19-C36,15, 출발 ,-
174,09시23분,칭다오 (TAO),CA5010중국국제항공,T1,B19-C36,15, 출발 ,
175,09시23분,칭다오 (TAO),SC317산동항공,T1,B19-C36,15, 출발 ,
176,09시25분,삿포로 (CTS),OZ174아시아나항공,T1,B19-C36,20, 출발 ,-
177,09시25분,삿포로 (CTS),NH6998전일본공수 주식회사,T1,B19-C36,20, 출발 ,
178,09시25분,삿포로 (CTS),ET1294에티오피아항공,T1,B19-C36,20, 출발 ,
179,09시25분,홍콩 (HKG),CX415캐세이패시픽항공,T1,M01-M14,49, 출발 ,-
180,09시25분,홍콩 (HKG),QF8226콴타스항공,T1,M01-M14,49, 출발 ,
181,09시27분,허페이 (HFE),KE813대한항공,T2,A B D E G,243, 출발 ,-
182,09시28분,오사카/ 간사이 (KIX),ZE611이스타항공,T1,F05-F18,130, 출발 ,-
183,09시29분,싱가포르 (SIN),SQ607싱가포르항공,T1,D10-D17,32, 출발 ,-
184,09시29분,싱가포르 (SIN),VA5407버진 오스트레일리아,T1,D10-D17,32, 출발 ,
185,09시29분,싱가포르 (SIN),OZ6781아시아나항공,T1,D10-D17,32, 출발 ,
186,09시30분,괌 (GUM),RS103에어서울,T1,D06-D09,132, 출발 ,-
187,09시30분,괌 (GUM),OZ9673아시아나항공,T1,D06-D09,132, 출발 ,
188,09시32분,히로시마 (HIJ),RS753에어서울,T1,D01-D05,104, 출발 ,-
189,09시32분,히로시마 (HIJ),OZ9653아시아나항공,T1,D01-D05,104, 출발 ,
190,09시33분,창춘 (CGQ),OZ303아시아나항공,T1,B19-C36,8, 출발 ,-
191,09시33분,창춘 (CGQ),CZ4202중국남방항공,T1,B19-C36,8, 출발 ,
192,09시35분,오사카/ 간사이 (KIX),7C1302제주항공,T1,M19-N06,128, 출발 ,-
193,09시35분,오사카/ 간사이 (KIX),H19811한 에어,T1,M19-N06,128, 출발 ,
194,09시35분,타이베이 (TPE),KE691대한항공,T2,A B D E G,267, 출발 ,-
195,09시35분,타이베이 (TPE),CI9065중화항공,T2,A B D E G,267, 출발 ,
196,09시35분,타이베이 (TPE),DL7694델타항공,T2,A B D E G,267, 출발 ,
197,09시37분,괌 (GUM),KE113대한항공,T2,C,247, 출발 ,-
198,09시37분,괌 (GUM),DL9038델타항공,T2,C,247, 출발 ,
199,09시37분,옌지(연길) (YNJ),KE891대한항공,T2,A B D E G,254, 출발 ,-
200,09시39분,상하이/푸동 (PVG),OZ361아시아나항공,T1,B19-C36,24, 출발 ,-
201,09시39분,도쿄/나리타 (NRT),OZ102아시아나항공,T1,B19-C36,7, 출발 ,-
202,09시39분,도쿄/나리타 (NRT),EY8453에티하드 항공,T1,B19-C36,7, 출발 ,
203,09시39분,도쿄/나리타 (NRT),NZ4060에어 뉴질랜드,T1,B19-C36,7, 출발 ,
204,09시39분,도쿄/나리타 (NRT),NH6972전일본공수 주식회사,T1,B19-C36,7, 출발 ,
205,09시39분,도쿄/나리타 (NRT),UA7318유나이티드항공,T1,B19-C36,7, 출발 ,
206,09시42분,칭다오 (TAO),KE845대한항공,T2,A B D E G,250, 출발 ,-
207,09시42분,칭다오 (TAO),MU8359중국동방항공,T2,A B D E G,250, 출발 ,
208,09시44분,클라크필드 (CRK),KE635대한항공,T2,A B D E G,264, 출발 ,-
209,09시44분,센다이 (SDJ),OZ152아시아나항공,T1,B19-C36,27, 출발 ,-
210,09시44분,센다이 (SDJ),NH6982전일본공수 주식회사,T1,B19-C36,27, 출발 ,
211,09시46분,우한 (WUH),KE881대한항공,T2,A B D E G,251, 출발 ,-
212,09시46분,우한 (WUH),MU8321중국동방항공,T2,A B D E G,251, 출발 ,
213,09시48분,방콕/수완나폼 (BKK),KE657대한항공,T2,A B D E G,233, 출발 ,-
214,09시48분,방콕/수완나폼 (BKK),HA6009하와이안 항공,T2,A B D E G,233, 출발 ,
215,09시48분,방콕/수완나폼 (BKK),DL7894델타항공,T2,A B D E G,233, 출발 ,
216,09시49분,보스턴 (BOS),KE091대한항공,T2,C,257, 출발 ,-
217,09시49분,보스턴 (BOS),DL7667델타항공,T2,C,257, 출발 ,
218,09시50분,홍콩 (HKG),ZE931이스타항공,T1,F05-F18,114, 출발 ,-
219,09시52분,옌지(연길) (YNJ),OZ351아시아나항공,T1,B19-C36,9, 출발 ,-
220,09시52분,옌지(연길) (YNJ),CA5016중국국제항공,T1,B19-C36,9, 출발 ,
221,09시56분,블라디보스토크 (VVO),KE981대한항공,T2,A B D E G,234, 출발 ,-
222,09시56분,블라디보스토크 (VVO),SU4032아에로플로트 러시아항공,T2,A B D E G,234, 출발 ,
223,09시56분,괌 (GUM),LJ641진에어,T1,F19-G11,50, 출발 ,-
224,09시56분,괌 (GUM),KE5775대한항공,T1,F19-G11,50, 출발 ,
225,09시58분,오키나와 (OKA),OZ172아시아나항공,T1,B19-C36,6, 출발 ,-
226,09시58분,오키나와 (OKA),NH6994전일본공수 주식회사,T1,B19-C36,6, 출발 ,
227,10시00분,후쿠오카 (FUK),ZE641이스타항공,T1,F05-F18,124, 출발 ,-
228,10시00분,다롄 (DLC),OZ301아시아나항공,T1,B19-C36,42, 출발 ,-
229,10시00분,다롄 (DLC),CA5012중국국제항공,T1,B19-C36,42, 출발 ,
230,10시02분,방콕/수완나폼 (BKK),TG659타이항공,T1,D21-D34,39, 출발 ,-
231,10시03분,애틀랜타 (ATL),KE035대한항공,T2,C,265, 출발 ,-
232,10시03분,애틀랜타 (ATL),DL7851델타항공,T2,C,265, 출발 ,
233,10시04분,자무쓰 (JMU),7C8901제주항공,T1,M19-N06,33, 출발 ,-
234,10시04분,자무쓰 (JMU),H19903한 에어,T1,M19-N06,33, 출발 ,
235,10시05분,타이베이 (TPE),OZ711아시아나항공,T1,B19-C36,17, 출발 ,-
236,10시05분,타이베이 (TPE),BR2147에바항공,T1,B19-C36,17, 출발 ,
237,10시06분,도쿄/나리타 (NRT),KE703대한항공,T2,A B D E G,248, 출발 ,-
238,10시06분,도쿄/나리타 (NRT),AF7890에어 프랑스,T2,A B D E G,248, 출발 ,
239,10시06분,도쿄/나리타 (NRT),AM6750아에로멕시코,T2,A B D E G,248, 출발 ,
240,10시06분,도쿄/나리타 (NRT),DL7885델타항공,T2,A B D E G,248, 출발 ,
241,10시06분,도쿄/나리타 (NRT),TN1577에어 타히티 누이,T2,A B D E G,248, 출발 ,
242,10시06분,도쿄/나리타 (NRT),JL5202일본항공,T2,A B D E G,248, 출발 ,
243,10시09분,호찌민 (SGN),KE681대한항공,T2,A B D E G,236, 출발 ,-
244,10시09분,호찌민 (SGN),VN3403베트남항공,T2,A B D E G,236, 출발 ,
245,10시09분,호찌민 (SGN),DL7934델타항공,T2,A B D E G,236, 출발 ,
246,10시13분,쿠알라룸푸르 (KUL),D7507에어아시아엑스,T1,E19-E26,121, 출발 ,-
247,10시14분,파리/샤를드골 (CDG),AF267에어 프랑스,T2,F11-F18,253, 출발 ,-
248,10시14분,파리/샤를드골 (CDG),KL2345케에엘엠네덜란드항공,T2,F11-F18,253, 출발 ,
249,10시14분,파리/샤를드골 (CDG),KE5901대한항공,T2,F11-F18,253, 출발 ,
250,10시15분,후쿠오카 (FUK),TW291티웨이항공,T1,H01-H18,125, 출발 ,-
251,10시17분,마카오 (MFM),LJ125진에어,T1,F19-G11,127, 출발 ,-
252,10시19분,타이베이 (TPE),LJ081진에어,T1,F19-G11,106, 출발 ,-
253,10시19분,타이베이 (TPE),KE5755대한항공,T1,F19-G11,106, 출발 ,
254,10시20분,사이판 (SPN),7C3402제주항공,T1,M19-N06,38, 출발 ,-
255,10시20분,사이판 (SPN),H19888한 에어,T1,M19-N06,38, 출발 ,
256,10시21분,선전 (SZX),OZ371아시아나항공,T1,B19-C36,21, 출발 ,-
257,10시21분,선전 (SZX),ZH3302심천항공,T1,B19-C36,21, 출발 ,
258,10시23분,시안 (XIY),KE807대한항공,T2,A B D E G,232, 출발 ,-
259,10시23분,시안 (XIY),MU8301중국동방항공,T2,A B D E G,232, 출발 ,
260,10시25분,칼리보 (KLO),TW145티웨이항공,T1,H01-H34,103, 출발 ,-
261,10시27분,옌타이 (YNT),7C8701제주항공,T1,M19-N06,45, 출발 ,-
262,10시27분,옌타이 (YNT),H19940한 에어,T1,M19-N06,45, 출발 ,
263,10시28분,괌 (GUM),7C3102제주항공,T1,M19-N06,131, 출발 ,-
264,10시28분,괌 (GUM),H19880한 에어,T1,M19-N06,131, 출발 ,
265,10시29분,홍콩 (HKG),7C2101제주항공,T1,M19-N06,43, 출발 ,-
266,10시29분,홍콩 (HKG),H19853한 에어,T1,M19-N06,43, 출발 ,
267,10시31분,시안 (XIY),OZ347아시아나항공,T1,B19-C36,28, 출발 ,-
268,10시31분,시안 (XIY),ZH3304심천항공,T1,B19-C36,28, 출발 ,
269,10시33분,홍콩 (HKG)(경유),CX421캐세이패시픽항공,T1,M01-M14,48, 출발 ,-
270,10시35분,무단장 (MDG),KE823대한항공,T2,A B D E G,238, 출발 ,-
271,10시35분,무단장 (MDG),CZ4532중국남방항공,T2,A B D E G,238, 출발 ,
272,10시37분,오키나와 (OKA),LJ245진에어,T1,F19-G11,122, 출발 ,-
273,10시37분,오키나와 (OKA),KE5745대한항공,T1,F19-G11,122, 출발 ,
274,10시40분,하노이 (HAN),OZ729아시아나항공,T1,B19-C36,19, 출발 ,-
275,10시42분,오사카/ 간사이 (KIX),MM002피치항공,T1,N07-N10,108, 출발 ,-
276,10시42분,홍콩 (HKG),CX417캐세이패시픽항공,T1,M01-M14,49, 출발 ,-
277,10시42분,홍콩 (HKG),QF8228콴타스항공,T1,M01-M14,49, 출발 ,
278,10시45분,뉴욕/존에프케네디 (JFK),KE081대한항공,T2,C,268, 출발 ,-
279,10시45분,뉴욕/존에프케네디 (JFK),AR7861아르헨티나 항공,T2,C,268, 출발 ,
280,10시46분,호찌민 (SGN),VN409베트남항공,T1,E01-E18,111, 출발 ,-
281,10시46분,호찌민 (SGN),KE5681대한항공,T1,E01-E18,111, 출발 ,
282,10시48분,아오모리 (AOJ),KE767대한항공,T2,A B D E G,245, 출발 ,-
283,10시48분,아오모리 (AOJ),JL5252일본항공,T2,A B D E G,245, 출발 ,
284,10시48분,아오모리 (AOJ),DL7889델타항공,T2,A B D E G,245, 출발 ,
285,10시49분,웨이하이 (WEH),7C8501제주항공,T1,M19-N06,34, 출발 ,-
286,10시49분,웨이하이 (WEH),H19899한 에어,T1,M19-N06,34, 출발 ,
287,10시51분,자카르타/수카르노하타 (CGK),GA879가루다인도네시아,T2,H08-H20,256, 출발 ,-
288,10시51분,자카르타/수카르노하타 (CGK),SU4093아에로플로트 러시아항공,T2,H08-H20,256, 출발 ,
289,10시51분,자카르타/수카르노하타 (CGK),KE5627대한항공,T2,H08-H20,256, 출발 ,
290,10시52분,하노이 (HAN),VN417베트남항공,T1,E01-E18,109, 출발 ,-
291,10시52분,하노이 (HAN),KE5683대한항공,T1,E01-E18,109, 출발 ,
292,10시52분,도쿄/나리타 (NRT),7C1106제주항공,T1,M19-N06,37, 출발 ,-
293,10시52분,도쿄/나리타 (NRT),H19805한 에어,T1,M19-N06,37, 출발 ,
294,10시55분,다낭 (DAD),RS513에어서울,T1,D01-D05,117, 출발 ,-
295,10시55분,삿포로 (CTS),KE765대한항공,T2,A B D E G,242, 출발 ,-
296,10시55분,삿포로 (CTS),KL4255케에엘엠네덜란드항공,T2,A B D E G,242, 출발 ,
297,10시55분,삿포로 (CTS),DL7898델타항공,T2,A B D E G,242, 출발 ,
298,10시55분,삿포로 (CTS),EY8489에티하드 항공,T2,A B D E G,242, 출발 ,
299,10시55분,삿포로 (CTS),AF7896에어 프랑스,T2,A B D E G,242, 출발 ,
300,10시55분,삿포로 (CTS),JL5208일본항공,T2,A B D E G,242, 출발 ,
301,10시57분,후쿠오카 (FUK),7C1402제주항공,T1,M19-N06,112, 출발 ,-
302,10시57분,후쿠오카 (FUK),H19828한 에어,T1,M19-N06,112, 출발 ,
303,10시59분,워싱턴 (IAD),KE093대한항공,T2,C,231, 출발 ,-
304,10시59분,워싱턴 (IAD),DL7857델타항공,T2,C,231, 출발 ,
305,10시59분,런던/히드로 (LHR),BA018영국항공,T1,J01-J06,31, 출발 ,-
306,11시01분,난징 (NKG),KE157대한항공,T2,A B D E G,235, 출발 ,-
307,11시02분,디트로이트 (DTW),DL158델타항공,T2,F01-F08,254, 출발 ,-
308,11시02분,디트로이트 (DTW),KE7273대한항공,T2,F01-F08,254, 출발 ,
309,11시05분,다낭 (DAD),7C2901제주항공,T1,M19-N06,110, 출발 ,-
310,11시05분,다낭 (DAD),H19875한 에어,T1,M19-N06,110, 출발 ,
311,11시05분,뉴욕/존에프케네디 (JFK),OZ222아시아나항공,T1,B19-C36,14, 출발 ,-
312,11시05분,뉴욕/존에프케네디 (JFK),SQ5722싱가포르항공,T1,B19-C36,14, 출발 ,
313,11시05분,뉴욕/존에프케네디 (JFK),TG6745타이항공,T1,B19-C36,14, 출발 ,
314,11시05분,뉴욕/존에프케네디 (JFK),UA7293유나이티드항공,T1,B19-C36,14, 출발 ,
315,11시05분,뉴욕/존에프케네디 (JFK),CM8004코파항공,T1,B19-C36,14, 출발 ,
316,11시08분,하노이 (HAN),KE483대한항공,T2,A B D E G,241, 출발 ,-
317,11시08분,하노이 (HAN),VN3417베트남항공,T2,A B D E G,241, 출발 ,
318,11시08분,하노이 (HAN),DL9032델타항공,T2,A B D E G,241, 출발 ,
319,11시09분,시카고/오헤어 (ORD),KE037대한항공,T2,C,246, 출발 ,-
320,11시09분,시카고/오헤어 (ORD),DL7863델타항공,T2,C,246, 출발 ,
321,11시10분,톈진 (TSN),KE805대한항공,T2,A B D E G,252, 출발 ,-
322,11시10분,톈진 (TSN),MF9098샤먼항공,T2,A B D E G,252, 출발 ,
323,11시12분,다낭 (DAD),LJ085진에어,T1,F19-G11,107, 출발 ,-
324,11시14분,하이커우 (HAK)(경유),CZ340중국남방항공,T1,J01-J18,104, 출발 ,-
325,11시14분,하이커우 (HAK)(경유),KE5829대한항공,T1,J01-J18,104, 출발 ,
326,11시16분,호찌민 (SGN),VJ863비엣젯항공,T1,E30-E34,132, 출발 ,-
327,11시18분,토론토 (YYZ),KE073대한항공,T2,A B D E G,255, 출발 ,-
328,11시20분,바르샤바 (WAW),LO098폴란드항공,T1,B11-B16,23, 출발 ,-
329,11시23분,상하이/푸동 (PVG),OZ363아시아나항공,T1,B19-C36,18, 출발 ,-
330,11시24분,다낭 (DAD),VN431베트남항공,T1,E01-E18,105, 출발 ,-
331,11시24분,다낭 (DAD),KE5673대한항공,T1,E01-E18,105, 출발 ,
332,11시26분,프랑크푸르트 (FRA),OZ541아시아나항공,T1,B12-C36,10, 출발 ,-
333,11시29분,후쿠오카 (FUK),KE745대한항공,T2,A B D E G,250, 출발 ,-
334,11시29분,후쿠오카 (FUK),AF7906에어 프랑스,T2,A B D E G,250, 출발 ,
335,11시29분,후쿠오카 (FUK),JL5272일본항공,T2,A B D E G,250, 출발 ,
336,11시31분,타이베이 (TPE),7C2601제주항공,T1,M19-N06,102, 출발 ,-
337,11시31분,타이베이 (TPE),H19869한 에어,T1,M19-N06,102, 출발 ,
338,11시34분,쿠알라룸푸르 (KUL),MH067말레이시아 에어라인스,T1,H29-H34,26, 출발 ,-
339,11시34분,쿠알라룸푸르 (KUL),KE5671대한항공,T1,H29-H34,26, 출발 ,
340,11시34분,베이징 (PEK),KE855대한항공,T2,A B D E G,261, 출발 ,-
341,11시34분,베이징 (PEK),CZ4508중국남방항공,T2,A B D E G,261, 출발 ,
342,11시34분,베이징 (PEK),MF9094샤먼항공,T2,A B D E G,261, 출발 ,
343,11시36분,나고야 (NGO),7C1602제주항공,T1,M19-N06,36, 출발 ,-
344,11시36분,나고야 (NGO),H19838한 에어,T1,M19-N06,36, 출발 ,
345,11시36분,헬싱키 (HEL),AY042핀에어,T1,H09-H16,46, 출발 ,-
346,11시38분,나트랑 (CXR),ZE563이스타항공,T1,F05-F18,118, 출발 ,-
347,11시39분,사이판 (SPN),TW309티웨이항공,T1,H01-H08,126, 출발 ,-
348,11시40분,다롄 (DLC),CZ686중국남방항공,T1,J01-J18,106, 출발 ,-
349,11시40분,다롄 (DLC),KE5821대한항공,T1,J01-J18,106, 출발 ,
350,11시42분,마카오 (MFM),7C2001제주항공,T1,M19-N06,128, 출발 ,-
351,11시42분,마카오 (MFM),H19849한 에어,T1,M19-N06,128, 출발 ,
352,11시43분,하노이 (HAN),VJ961비엣젯항공,T1,E25-E29,115, 출발 ,-
353,11시45분,마드리드 (MAD),KE913대한항공,T2,A B D E G,267, 출발 ,-
354,11시45분,마드리드 (MAD),UX3601에어 유로파,T2,A B D E G,267, 출발 ,
355,11시47분,방콕/수완나폼 (BKK),TG657타이항공,T1,D21-D34,40, 출발 ,-
356,11시49분,홍콩 (HKG),KE613대한항공,T2,A B D E G,236, 출발 ,-
357,11시49분,홍콩 (HKG),DL7697델타항공,T2,A B D E G,236, 출발 ,
358,11시52분,호찌민 (SGN),VN407베트남항공,T1,E01-E18,113, 출발 ,-
359,11시52분,호찌민 (SGN),KE5677대한항공,T1,E01-E18,113, 출발 ,
360,11시55분,상하이/푸동 (PVG),KE897대한항공,T2,A B D E G,266, 출발 ,-
361,11시55분,상하이/푸동 (PVG),FM8756상하이항공,T2,A B D E G,266, 출발 ,
362,11시55분,상하이/푸동 (PVG),MU8377중국동방항공,T2,A B D E G,266, 출발 ,
363,11시58분,다낭 (DAD),OZ757아시아나항공,T1,B12-C36,11, 출발 ,-
364,12시02분,세부 (CEB),BX715에어부산,T1,L19-L22,119, 출발 ,-
365,12시04분,비엔티안 (VTE),QV922라오항공,T1,D06-D09,47, 출발 ,-
366,12시07분,방콕/돈므앙 (DMK),XJ701타이에어아시아엑스,T1,F01-F08,123, 출발 ,-
367,12시09분,덴파사르 (DPS),GA871가루다인도네시아,T2,H08-H20,258, 출발 ,-
368,12시09분,덴파사르 (DPS),KE5629대한항공,T2,H08-H20,258, 출발 ,
369,12시09분,덴파사르 (DPS),SU4095아에로플로트 러시아항공,T2,H08-H20,258, 출발 ,
370,12시10분,타이베이 (TPE),B7169유니항공,T1,E13-E17,42, 출발 ,-
371,12시10분,타이베이 (TPE),BR2169에바항공,T1,E13-E17,42, 출발 ,
372,12시12분,칭다오 (TAO),MU2040중국동방항공,T1,H19-H34,121, 출발 ,-
373,12시12분,칭다오 (TAO),KE5853대한항공,T1,H19-H34,121, 출발 ,
374,12시14분,다낭 (DAD),KE485대한항공,T2,A B D E G,264, 출발 ,-
375,12시14분,다낭 (DAD),DL9046델타항공,T2,A B D E G,264, 출발 ,
376,12시15분,후쿠오카 (FUK),LJ223진에어,T1,F28-G11,30, 출발 ,-
377,12시16분,옌타이 (YNT),MU550중국동방항공,T1,H19-H34,122, 출발 ,-
378,12시16분,옌타이 (YNT),KE5847대한항공,T1,H19-H34,122, 출발 ,
379,12시17분,가오슝 (KHH),CI165중화항공,T2,F14-F18,260, 출발 ,-
380,12시17분,가오슝 (KHH),KE5699대한항공,T2,F14-F18,260, 출발 ,
381,12시17분,삿포로 (CTS),7C1902제주항공,T1,M19-N06,41, 출발 ,-
382,12시17분,삿포로 (CTS),H19848한 에어,T1,M19-N06,41, 출발 ,
383,12시20분,방콕/수완나폼 (BKK),TG689타이항공,T1,D21-D34,39, 출발 ,-
384,12시22분,마카오 (MFM),ZE521이스타항공,T1,F05-F18,127, 출발 ,-
385,12시23분,옌청 (YNZ),MU218중국동방항공,T1,H19-H34,129, 출발 ,-
386,12시24분,상하이/푸동 (PVG),CZ314중국남방항공,T1,J01-J18,111, 출발 ,-
387,12시24분,상하이/푸동 (PVG),MU3498중국동방항공,T1,J01-J18,111, 출발 ,
388,12시26분,다낭 (DAD),TW165티웨이항공,T1,H01-H12,130, 출발 ,-
389,12시26분,칭다오 (TAO),SC4618산동항공,T1,N09-N15,38, 출발 ,-
390,12시26분,칭다오 (TAO),OZ6707아시아나항공,T1,N09-N15,38, 출발 ,
391,12시26분,칭다오 (TAO),CA4618중국국제항공,T1,N09-N15,38, 출발 ,
392,12시28분,나고야 (NGO),TW237티웨이항공,T1,H01-H18,112, 출발 ,-
393,12시30분,타이중/칭촨강 (RMQ),BR187에바항공,T1,E09-E12,28, 출발 ,-
394,12시32분,뮌헨 (MUC),LH719루프트한자 독일항공,T1,E19-E28,43, 출발 ,-
395,12시33분,가오슝 (KHH),OZ717아시아나항공,T1,B12-C36,16, 출발 ,-
396,12시33분,가오슝 (KHH),BR2145에바항공,T1,B12-C36,16, 출발 ,
397,12시35분,장가계 (DYG),RS811에어서울,T1,D01-D06,101, 출발 ,-
398,12시38분,하얼빈 (HRB),OZ339아시아나항공,T1,B12-C36,20, 출발 ,-
399,12시38분,하얼빈 (HRB),CZ4204중국남방항공,T1,B12-C36,20, 출발 ,
400,12시38분,하바로프스크 (KHV),HZ5451오로라항공,T1,E01-E08,34, 출발 ,-
401,12시38분,하바로프스크 (KHV),SU5451아에로플로트 러시아항공,T1,E01-E08,34, 출발 ,
402,12시38분,하바로프스크 (KHV),KE5985대한항공,T1,E01-E08,34, 출발 ,
403,12시40분,멕시코시티 (MEX),AM091아에로멕시코,T2,C21-C26,239, 출발 ,-
404,12시43분,로마 (FCO),OZ561아시아나항공,T1,B12-C36,8, 출발 ,-
405,12시44분,홍콩 (HKG),UO619홍콩익스프레스,T1,D19-D23,109, 출발 ,-
406,12시45분,블라디보스토크 (VVO),7C5102제주항공,T1,M19-N06,131, 출발 ,-
407,12시45분,블라디보스토크 (VVO),H19896한 에어,T1,M19-N06,131, 출발 ,
408,12시47분,항저우 (HGH),OZ359아시아나항공,T1,B19-C36,18, 출발 ,-
409,12시47분,항저우 (HGH),CA5018중국국제항공,T1,B19-C36,18, 출발 ,
410,12시48분,선양 (SHE),CZ682중국남방항공,T1,J01-J18,104, 출발 ,-
411,12시48분,선양 (SHE),KE5831대한항공,T1,J01-J18,104, 출발 ,
412,12시50분,타이베이 (TPE),CI161중화항공,T2,F06-F13,255, 출발 ,-
413,12시50분,타이베이 (TPE),DL7718델타항공,T2,F06-F13,255, 출발 ,
414,12시50분,타이베이 (TPE),KE5691대한항공,T2,F06-F13,255, 출발 ,
415,12시51분,알마티 (ALA),KC910에어 아스타나,T1,F19-F24,48, 출발 ,-
416,12시51분,알마티 (ALA),OZ6961아시아나항공,T1,F19-F24,48, 출발 ,
417,12시51분,알마티 (ALA),CX6232캐세이패시픽항공,T1,F19-F24,48, 출발 ,
418,12시53분,싱가포르 (SIN),SQ611싱가포르항공,T1,D10-D17,32, 출발 ,-
419,12시53분,싱가포르 (SIN),OZ6725아시아나항공,T1,D10-D17,32, 출발 ,
420,12시53분,싱가포르 (SIN),VA5403버진 오스트레일리아,T1,D10-D17,32, 출발 ,
421,12시54분,난징 (NKG),OZ349아시아나항공,T1,B19-C36,15, 출발 ,-
422,12시55분,후쿠오카 (FUK),OZ134아시아나항공,T1,B19-C36,9, 출발 ,-
423,12시55분,후쿠오카 (FUK),NH6960전일본공수 주식회사,T1,B19-C36,9, 출발 ,
424,12시56분,파리/샤를드골 (CDG),OZ501아시아나항공,T1,B19-C36,6, 출발 ,-
425,12시59분,창춘 (CGQ),CZ638중국남방항공,T1,J01-J18,107, 출발 ,-
426,13시03분,항저우 (HGH),CA140중국국제항공,T1,L19-L36,31, 출발 ,-
427,13시03분,항저우 (HGH),OZ6827아시아나항공,T1,L19-L36,31, 출발 ,
428,13시04분,톈진 (TSN),CA172중국국제항공,T1,L19-L36,33, 출발 ,-
429,13시04분,톈진 (TSN),OZ6811아시아나항공,T1,L19-L36,33, 출발 ,
430,13시07분,마닐라 (MNL),Z2885필리핀에어아시아,T1,F01-F04,119, 출발 ,-
431,13시07분,스자좡 (SJW),9C879Z춘추항공,T1,M09-M11,124, 출발 ,-
432,13시09분,두바이 (DXB),KE951대한항공,T2,A B D E G,236, 출발 ,-
433,13시09분,두바이 (DXB),SV6121사우디 아라비안 항공,T2,A B D E G,236, 출발 ,
434,13시09분,두바이 (DXB),EK3483에미레이트항공,T2,A B D E G,236, 출발 ,
435,13시10분,델리 (DEL),KE481대한항공,T2,A B D E G,234, 출발 ,-
436,13시10분,델리 (DEL),DL9028델타항공,T2,A B D E G,234, 출발 ,
437,13시12분,다롄 (DLC),KE869대한항공,T2,A B D E G,249, 출발 ,-
438,13시12분,다롄 (DLC),CZ4518중국남방항공,T2,A B D E G,249, 출발 ,
439,13시15분,상하이/푸동 (PVG),MU5042중국동방항공,T1,H19-H34,126, 출발 ,-
440,13시15분,상하이/푸동 (PVG),FM5042상하이항공,T1,H19-H34,126, 출발 ,
441,13시15분,상하이/푸동 (PVG),KE5857대한항공,T1,H19-H34,126, 출발 ,
442,13시15분,상하이/푸동 (PVG),CZ514중국남방항공,T1,H19-H34,126, 출발 ,
443,13시15분,런던/히드로 (LHR),KE907대한항공,T2,A B D E G,253, 출발 ,-
444,13시17분,모스크바 (SVO),SU251아에로플로트 러시아항공,T2,C08-C20,247, 출발 ,-
445,13시17분,모스크바 (SVO),GA9410가루다인도네시아,T2,C08-C20,247, 출발 ,
446,13시17분,모스크바 (SVO),KE5923대한항공,T2,C08-C20,247, 출발 ,
447,13시19분,마쓰야마 (MYJ),7C1704제주항공,T1,M19-N06,125, 출발 ,-
448,13시19분,마쓰야마 (MYJ),H19842한 에어,T1,M19-N06,125, 출발 ,
449,13시20분,칭다오 (TAO),MU2034중국동방항공,T1,H19-H34,123, 출발 ,-
450,13시20분,칭다오 (TAO),KE5843대한항공,T1,H19-H34,123, 출발 ,
451,13시22분,우한 (WUH),CZ6080중국남방항공,T1,J01-J18,103, 출발 ,-
452,13시22분,우한 (WUH),KE5805대한항공,T1,J01-J18,103, 출발 ,
453,13시24분,사할린 (UUS),HZ5497오로라항공,T1,E01-E08,37, 출발 ,-
454,13시24분,사할린 (UUS),KE5987대한항공,T1,E01-E08,37, 출발 ,
455,13시24분,사할린 (UUS),SU5497아에로플로트 러시아항공,T1,E01-E08,37, 출발 ,
456,13시26분,베이징 (PEK),OZ333아시아나항공,T1,B19-C36,22, 출발 ,-
457,13시26분,베이징 (PEK),CA5004중국국제항공,T1,B19-C36,22, 출발 ,
458,13시29분,울란바토르 (ULN),KE867대한항공,T2,A B D E G,235, 출발 ,-
459,13시29분,울란바토르 (ULN),OM5302몽골항공,T2,A B D E G,235, 출발 ,
460,13시31분,후쿠오카 (FUK),KE789대한항공,T2,A B D E G,238, 출발 ,-
461,13시31분,후쿠오카 (FUK),JL5222일본항공,T2,A B D E G,238, 출발 ,
462,13시31분,후쿠오카 (FUK),AF7895에어 프랑스,T2,A B D E G,238, 출발 ,
463,13시31분,후쿠오카 (FUK),AZ2763알리탈리아,T2,A B D E G,238, 출발 ,
464,13시31분,후쿠오카 (FUK),EY8481에티하드 항공,T2,A B D E G,238, 출발 ,
465,13시31분,후쿠오카 (FUK),DL9017델타항공,T2,A B D E G,238, 출발 ,
466,13시33분,칭다오 (TAO),KE861대한항공,T2,A B D E G,248, 출발 ,-
467,13시33분,칭다오 (TAO),MU8361중국동방항공,T2,A B D E G,248, 출발 ,
468,13시36분,창춘 (CGQ),CZ688중국남방항공,T1,J01-J18,105, 출발 ,-
469,13시36분,창춘 (CGQ),OZ6751아시아나항공,T1,J01-J18,105, 출발 ,
470,13시40분,프랑크푸르트 (FRA),KE905대한항공,T2,A B D E G,233, 출발 ,-
471,13시42분,블라디보스토크 (VVO),HZ5437오로라항공,T1,E01-E08,36, 출발 ,-
472,13시42분,블라디보스토크 (VVO),SU5437아에로플로트 러시아항공,T1,E01-E08,36, 출발 ,
473,13시42분,블라디보스토크 (VVO),KE5983대한항공,T1,E01-E08,36, 출발 ,
474,13시47분,베이징 (PEK),CA124중국국제항공,T1,L19-L36,49, 출발 ,-
475,13시47분,베이징 (PEK),OZ6807아시아나항공,T1,L19-L36,49, 출발 ,
476,13시49분,샤먼 (XMN),MF872샤먼항공,T2,C35-C39,243, 출발 ,-
477,13시49분,샤먼 (XMN),KE5887대한항공,T2,C35-C39,243, 출발 ,
478,13시50분,울란바토르 (ULN),OM302몽골항공,T1,E30-E34,26, 출발 ,-
479,13시53분,웨이하이 (WEH),KE839대한항공,T2,A B D E G,267, 출발 ,-
480,13시53분,웨이하이 (WEH),MU8363중국동방항공,T2,A B D E G,267, 출발 ,
481,13시55분,가오슝 (KHH),TW671티웨이항공,T1,H01-H18,114, 출발 ,-
482,13시56분,프라하 (PRG),OK191체코항공,T2,C28-C34,241, 출발 ,-
483,13시56분,프라하 (PRG),KE5935대한항공,T2,C28-C34,241, 출발 ,
484,13시59분,청두 (CTU),CA402중국국제항공,T1,L19-L36,48, 출발 ,-
485,13시59분,청두 (CTU),OZ6831아시아나항공,T1,L19-L36,48, 출발 ,
486,14시01분,홍콩 (HKG),KE601대한항공,T2,A B D E G,256, 출발 ,-
487,14시01분,홍콩 (HKG),EY8503에티하드 항공,T2,A B D E G,256, 출발 ,
488,14시02분,정저우 (CGO),CZ813A중국남방항공,T1,J01-J18,108, 출발 ,-
489,14시06분,밀라노 (MXP),KE927대한항공,T2,A B D E G,252, 출발 ,-
490,14시06분,밀라노 (MXP),AZ7685알리탈리아,T2,A B D E G,252, 출발 ,
491,14시09분,칭다오 (TAO),SC4088산동항공,T1,N09-N15,35, 출발 ,-
492,14시09분,칭다오 (TAO),OZ6701아시아나항공,T1,N09-N15,35, 출발 ,
493,14시09분,칭다오 (TAO),CA4088중국국제항공,T1,N09-N15,35, 출발 ,
494,14시12분,마카오 (MFM),NX821에어마카우,T1,M13-M17,47, 출발 ,-
495,14시12분,마카오 (MFM),OZ6867아시아나항공,T1,M13-M17,47, 출발 ,
496,14시15분,로마 (FCO),AZ759알리탈리아,T2,F21-F28,257, 출발 ,-
497,14시15분,로마 (FCO),JU7388에어세르비아,T2,F21-F28,257, 출발 ,
498,14시15분,로마 (FCO),KE5931대한항공,T2,F21-F28,257, 출발 ,
499,14시18분,타이베이 (TPE),OZ713아시아나항공,T1,B19-C36,28, 출발 ,-
500,14시18분,타이베이 (TPE),BR2149에바항공,T1,B19-C36,28, 출발 ,
501,14시20분,암스테르담 (AMS),KE925대한항공,T2,A B D E G,263, 출발 ,-
502,14시20분,암스테르담 (AMS),KL200케에엘엠네덜란드항공,T2,A B D E G,263, 출발 ,
503,14시24분,오사카/ 간사이 (KIX),OZ114아시아나항공,T1,B19-C36,11, 출발 ,-
504,14시24분,오사카/ 간사이 (KIX),NH6954전일본공수 주식회사,T1,B19-C36,11, 출발 ,
505,14시24분,오사카/ 간사이 (KIX),EY8455에티하드 항공,T1,B19-C36,11, 출발 ,
506,14시24분,오사카/ 간사이 (KIX),NZ4050에어 뉴질랜드,T1,B19-C36,11, 출발 ,
507,14시26분,웨이하이 (WEH),MU2018중국동방항공,T1,H19-H34,121, 출발 ,-
508,14시26분,웨이하이 (WEH),KE5849대한항공,T1,H19-H34,121, 출발 ,
509,14시28분,상하이/푸동 (PVG),OZ365아시아나항공,T1,B19-C36,23, 출발 ,-
510,14시30분,파리/샤를드골 (CDG),KE901대한항공,T2,A B D E G,231, 출발 ,-
511,14시30분,파리/샤를드골 (CDG),AF5093에어 프랑스,T2,A B D E G,231, 출발 ,
512,14시33분,칭다오 (TAO),OZ319아시아나항공,T1,B19-C36,15, 출발 ,-
513,14시33분,칭다오 (TAO),CA5028중국국제항공,T1,B19-C36,15, 출발 ,
514,14시33분,칭다오 (TAO),SC319산동항공,T1,B19-C36,15, 출발 ,
515,14시38분,이스탄불 (IST),KE955대한항공,T2,A B D E G,242, 출발 ,-
516,14시40분,부산 (PUS),KE1403대한항공,T2,-,250, 출발 ,-
517,14시40분,부산 (PUS),DL7855델타항공,T2,-,250, 출발 ,
518,14시40분,부산 (PUS),AZ2767알리탈리아,T2,-,250, 출발 ,
519,14시42분,옌지(연길) (YNJ),CZ6074중국남방항공,T1,J01-J18,115, 출발 ,-
520,14시44분,바르셀로나 (BCN),OZ511아시아나항공,T1,B19-C36,17, 출발 ,-
521,14시46분,클라크필드 (CRK),TW147티웨이항공,T1,H01-H18,118, 출발 ,-
522,14시48분,선양 (SHE),KE833대한항공,T2,A B D E G,265, 출발 ,-
523,14시48분,선양 (SHE),CZ4526중국남방항공,T2,A B D E G,265, 출발 ,
524,14시53분,싱가포르 (SIN),KE643대한항공,T2,A B D E G,251, 출발 ,-
525,14시53분,싱가포르 (SIN),DL7875델타항공,T2,A B D E G,251, 출발 ,
526,14시55분,시안 (XIY)(경유),MU5022중국동방항공,T1,H19-H34,117, 출발 ,-
527,14시55분,시안 (XIY)(경유),KE5871대한항공,T1,H19-H34,117, 출발 ,
528,14시57분,오사카/ 간사이 (KIX),RS713에어서울,T1,D01-D06,101, 출발 ,-
529,14시57분,오사카/ 간사이 (KIX),OZ9613아시아나항공,T1,D01-D06,101, 출발 ,
530,14시58분,런던/히드로 (LHR),OZ521아시아나항공,T1,B19-C36,24, 출발 ,-
531,15시01분,상하이/푸동 (PVG),MU5062중국동방항공,T1,H19-H34,129, 출발 ,-
532,15시01분,상하이/푸동 (PVG),CZ516중국남방항공,T1,H19-H34,129, 출발 ,
533,15시01분,상하이/푸동 (PVG),FM5062상하이항공,T1,H19-H34,129, 출발 ,
534,15시01분,상하이/푸동 (PVG),KE5863대한항공,T1,H19-H34,129, 출발 ,
535,15시03분,가오슝 (KHH),7C4501제주항공,T1,M19-N06,30, 출발 ,-
536,15시03분,가오슝 (KHH),H19893한 에어,T1,M19-N06,30, 출발 ,
537,15시04분,오사카/ 간사이 (KIX),TW285티웨이항공,T1,H01-H18,110, 출발 ,-
538,15시07분,가고시마 (KOJ),ZE651이스타항공,T1,F05-F18,127, 출발 ,-
539,15시09분,로스앤젤레스 (LAX),KE017대한항공,T2,C,268, 출발 ,-
540,15시09분,로스앤젤레스 (LAX),LA8428란항공,T2,C,268, 출발 ,
541,15시09분,로스앤젤레스 (LAX),AM6702아에로멕시코,T2,C,268, 출발 ,
542,15시09분,로스앤젤레스 (LAX),DL9044델타항공,T2,C,268, 출발 ,
543,15시12분,광저우 (CAN),CZ338중국남방항공,T1,J01-J18,109, 출발 ,-
544,15시12분,광저우 (CAN),KE5815대한항공,T1,J01-J18,109, 출발 ,
545,15시15분,로스앤젤레스 (LAX),OZ202아시아나항공,T1,B19-C36,10, 출발 ,-
546,15시15분,로스앤젤레스 (LAX),UA7285유나이티드항공,T1,B19-C36,10, 출발 ,
547,15시15분,로스앤젤레스 (LAX),SQ5702싱가포르항공,T1,B19-C36,10, 출발 ,
548,15시15분,로스앤젤레스 (LAX),TG6741타이항공,T1,B19-C36,10, 출발 ,
549,15시15분,로스앤젤레스 (LAX),CM8000코파항공,T1,B19-C36,10, 출발 ,
550,15시17분,홍콩 (HKG),CX411캐세이패시픽항공,T1,M01-M10,50, 출발 ,-
551,15시17분,홍콩 (HKG),QR5801카타르항공,T1,M01-M10,50, 출발 ,
552,15시17분,홍콩 (HKG),QF8224콴타스항공,T1,M01-M10,50, 출발 ,
553,15시20분,선전 (SZX),ZH9034심천항공,T1,C19-C22,41, 출발 ,-
554,15시20분,선전 (SZX),OZ6899아시아나항공,T1,C19-C22,41, 출발 ,
555,15시20분,선전 (SZX),CA3310중국국제항공,T1,C19-C22,41, 출발 ,
556,15시22분,베이징 (PEK),OZ335아시아나항공,T1,B19-C36,18, 출발 ,-
557,15시22분,베이징 (PEK),CA5006중국국제항공,T1,B19-C36,18, 출발 ,
558,15시25분,자카르타/수카르노하타 (CGK),KE627대한항공,T2,A B D E G,241, 출발 ,-
559,15시25분,자카르타/수카르노하타 (CGK),GA9963가루다인도네시아,T2,A B D E G,241, 출발 ,
560,15시27분,프랑크푸르트 (FRA),LH713루프트한자 독일항공,T1,E19-E28,40, 출발 ,-
561,15시29분,시즈오카 (FSZ),7C1282제주항공,T1,M19-N06,33, 출발 ,-
562,15시29분,시즈오카 (FSZ),H19960한 에어,T1,M19-N06,33, 출발 ,
563,15시32분,오사카/ 간사이 (KIX),KE725대한항공,T2,A B D E G,260, 출발 ,-
564,15시32분,오사카/ 간사이 (KIX),DL7683델타항공,T2,A B D E G,260, 출발 ,
565,15시32분,오사카/ 간사이 (KIX),AZ2761알리탈리아,T2,A B D E G,260, 출발 ,
566,15시32분,오사카/ 간사이 (KIX),EY8487에티하드 항공,T2,A B D E G,260, 출발 ,
567,15시32분,오사카/ 간사이 (KIX),JL5212일본항공,T2,A B D E G,260, 출발 ,
568,15시34분,로마 (FCO),KE931대한항공,T2,A B D E G,266, 출발 ,-
569,15시34분,로마 (FCO),AZ7687알리탈리아,T2,A B D E G,266, 출발 ,
570,15시36분,오사카/ 간사이 (KIX),LJ213진에어,T1,F28-G11,45, 출발 ,-
571,15시37분,옌지(연길) (YNJ),7C8903제주항공,T1,M19-N06,32, 출발 ,-
572,15시37분,옌지(연길) (YNJ),H19891한 에어,T1,M19-N06,32, 출발 ,
573,15시39분,후쿠오카 (FUK),7C1404제주항공,T1,M19-N06,46, 출발 ,-
574,15시39분,후쿠오카 (FUK),H19830한 에어,T1,M19-N06,46, 출발 ,
575,15시42분,칭다오 (TAO),SC4082산동항공,T1,N09-N15,34, 출발 ,-
576,15시42분,칭다오 (TAO),CA4082중국국제항공,T1,N09-N15,34, 출발 ,
577,15시42분,칭다오 (TAO),OZ6705아시아나항공,T1,N09-N15,34, 출발 ,
578,15시43분,도쿄/나리타 (NRT),LJ203진에어,T1,F28-G11,38, 출발 ,-
579,15시43분,도쿄/나리타 (NRT),KE5743대한항공,T1,F28-G11,38, 출발 ,
580,15시47분,웨이하이 (WEH),7C8503제주항공,T1,M19-N06,102, 출발 ,-
581,15시47분,웨이하이 (WEH),H19901한 에어,T1,M19-N06,102, 출발 ,
582,15시48분,도쿄/나리타 (NRT),OZ106아시아나항공,T1,B19-C36,6, 출발 ,-
583,15시48분,도쿄/나리타 (NRT),NZ4056에어 뉴질랜드,T1,B19-C36,6, 출발 ,
584,15시48분,도쿄/나리타 (NRT),EY8458에티하드 항공,T1,B19-C36,6, 출발 ,
585,15시48분,도쿄/나리타 (NRT),UA7322유나이티드항공,T1,B19-C36,6, 출발 ,
586,15시48분,도쿄/나리타 (NRT),NH6976전일본공수 주식회사,T1,B19-C36,6, 출발 ,
587,15시51분,옌지(연길) (YNJ),CA144중국국제항공,T1,L19-L36,37, 출발 ,-
588,15시51분,옌지(연길) (YNJ),OZ6825아시아나항공,T1,L19-L36,37, 출발 ,
589,15시53분,오사카/ 간사이 (KIX),ZE613이스타항공,T1,F05-F18,114, 출발 ,-
590,15시55분,도쿄/나리타 (NRT),TW213티웨이항공,T1,H01-H18,112, 출발 ,-
591,15시58분,타슈켄트 (TAS),KE941대한항공,T2,A B D E G,246, 출발 ,-
592,15시58분,타슈켄트 (TAS),HY7514우즈베키스탄항공,T2,A B D E G,246, 출발 ,
593,16시02분,도쿄/나리타 (NRT),ZE603이스타항공,T1,F05-F18,124, 출발 ,-
594,16시04분,자카르타/수카르노하타 (CGK),OZ761아시아나항공,T1,B19-C36,21, 출발 ,-
595,16시06분,나고야 (NGO),OZ124아시아나항공,T1,B19-C36,17, 출발 ,-
596,16시06분,나고야 (NGO),EY8462에티하드 항공,T1,B19-C36,17, 출발 ,
597,16시06분,나고야 (NGO),TK8092터키항공,T1,B19-C36,17, 출발 ,
598,16시06분,나고야 (NGO),NH6966전일본공수 주식회사,T1,B19-C36,17, 출발 ,
599,16시08분,후쿠오카 (FUK),ZE643이스타항공,T1,F05-F18,128, 출발 ,-
600,16시10분,충칭 (CKG),CA440중국국제항공,T1,L19-L36,35, 출발 ,-
601,16시10분,충칭 (CKG),OZ6847아시아나항공,T1,L19-L36,35, 출발 ,
602,16시12분,쿠알라룸푸르 (KUL),D7505에어아시아엑스,T1,E09-E16,113, 출발 ,-
603,16시14분,블라디보스토크 (VVO),S76272S7항공 ,T1,J01-J04,48, 출발 ,-
604,16시14분,블라디보스토크 (VVO),OZ6575아시아나항공,T1,J01-J04,48, 출발 ,
605,16시16분,베이징 (PEK),CA132중국국제항공,T1,L19-L36,42, 출발 ,-
606,16시16분,베이징 (PEK),OZ6809아시아나항공,T1,L19-L36,42, 출발 ,
607,16시18분,샌프란시스코 (SFO),KE023대한항공,T2,C,249, 출발 ,-
608,16시18분,샌프란시스코 (SFO),DL7860델타항공,T2,C,249, 출발 ,
609,16시20분,옌타이 (YNT),MU268중국동방항공,T1,H19-H34,132, 출발 ,-
610,16시20분,옌타이 (YNT),KE5851대한항공,T1,H19-H34,132, 출발 ,
611,16시22분,시애틀 (SEA),KE019대한항공,T2,C,255, 출발 ,-
612,16시22분,시애틀 (SEA),EY8493에티하드 항공,T2,C,255, 출발 ,
613,16시24분,광저우 (CAN),CZ3062중국남방항공,T1,J01-J18,105, 출발 ,-
614,16시24분,광저우 (CAN),KE5825대한항공,T1,J01-J18,105, 출발 ,
615,16시26분,가고시마 (KOJ),KE785대한항공,T2,A B D E G,245, 출발 ,-
616,16시26분,가고시마 (KOJ),EY8483에티하드 항공,T2,A B D E G,245, 출발 ,
617,16시26분,가고시마 (KOJ),AF7878에어 프랑스,T2,A B D E G,245, 출발 ,
618,16시26분,가고시마 (KOJ),JL5248일본항공,T2,A B D E G,245, 출발 ,
619,16시26분,가고시마 (KOJ),DL7899델타항공,T2,A B D E G,245, 출발 ,
620,16시28분,조호바루 (JHB),LJ095진에어,T1,F21-G11,28, 출발 ,-
621,16시28분,조호바루 (JHB),KE5793대한항공,T1,F21-G11,28, 출발 ,
622,16시31분,옌타이 (YNT),OZ307아시아나항공,T1,B19-C36,20, 출발 ,-
623,16시31분,옌타이 (YNT),CA5044중국국제항공,T1,B19-C36,20, 출발 ,
624,16시31분,옌타이 (YNT),SC307산동항공,T1,B19-C36,20, 출발 ,
625,16시31분,옌타이 (YNT),ZH3306심천항공,T1,B19-C36,20, 출발 ,
626,16시35분,웨이하이 (WEH),OZ309아시아나항공,T1,B19-C36,16, 출발 ,-
627,16시35분,웨이하이 (WEH),CA5008중국국제항공,T1,B19-C36,16, 출발 ,
628,16시38분,상하이/푸동 (PVG),MU5034중국동방항공,T1,H19-H34,129, 출발 ,-
629,16시41분,타이베이 (TPE),KE693대한항공,T2,A B D E G,265, 출발 ,-
630,16시41분,타이베이 (TPE),DL7663델타항공,T2,A B D E G,265, 출발 ,
631,16시41분,타이베이 (TPE),CI9067중화항공,T2,A B D E G,265, 출발 ,
632,16시43분,방콕/돈므앙 (DMK),XJ709타이에어아시아엑스,T1,E01-E08,111, 출발 ,-
633,16시47분,도쿄/나리타 (NRT),7C1108제주항공,T1,M19-N06,125, 출발 ,-
634,16시47분,도쿄/나리타 (NRT),H19806한 에어,T1,M19-N06,125, 출발 ,
635,16시50분,덴파사르 (DPS),KE633대한항공,T2,A B D E G,232, 출발 ,-
636,16시50분,덴파사르 (DPS),DL7695델타항공,T2,A B D E G,232, 출발 ,
637,16시51분,칭다오 (TAO),MU560중국동방항공,T1,H19-H30,123, 출발 ,-
638,16시51분,칭다오 (TAO),KE5841대한항공,T1,H19-H30,123, 출발 ,
639,16시52분,싱가포르 (SIN),SQ609싱가포르항공,T1,D08-D17,43, 출발 ,-
640,16시52분,싱가포르 (SIN),AC6304캐나다항공,T1,D08-D17,43, 출발 ,
641,16시52분,싱가포르 (SIN),OZ6789아시아나항공,T1,D08-D17,43, 출발 ,
642,16시52분,싱가포르 (SIN),VA5409버진 오스트레일리아,T1,D08-D17,43, 출발 ,
643,16시55분,상하이/푸동 (PVG),9C8560춘추항공,T1,C19-C22,115, 출발 ,-
644,16시57분,칼리보 (KLO),Z2039필리핀에어아시아,T1,E01-E04,119, 출발 ,-
645,16시59분,지난 (TNA),SC4096산동항공,T1,N09-N15,36, 출발 ,-
646,16시59분,지난 (TNA),OZ6709아시아나항공,T1,N09-N15,36, 출발 ,
647,16시59분,지난 (TNA),CA4096중국국제항공,T1,N09-N15,36, 출발 ,
648,17시00분,싱가포르 (SIN),OZ751아시아나항공,T1,B19-C36,22, 출발 ,-
649,17시00분,싱가포르 (SIN),SQ5751싱가포르항공,T1,B19-C36,22, 출발 ,
650,17시02분,도쿄/나리타 (NRT),RS703에어서울,T1,D01-D05,106, 출발 ,-
651,17시02분,도쿄/나리타 (NRT),OZ9603아시아나항공,T1,D01-D05,106, 출발 ,
652,17시04분,푸케트 (HKT),OZ747아시아나항공,T1,B19-C36,12, 출발 ,-
653,17시04분,푸케트 (HKT),UA7304유나이티드항공,T1,B19-C36,12, 출발 ,
654,17시04분,푸케트 (HKT),TG6729타이항공,T1,B19-C36,12, 출발 ,
655,17시04분,푸케트 (HKT),AC6980캐나다항공,T1,B19-C36,12, 출발 ,
656,17시06분,도쿄/나리타 (NRT),ET672에티오피아항공,T1,H31-H34,23, 출발 ,-
657,17시10분,미야자키 (KMI),OZ158아시아나항공,T1,B19-C36,11, 출발 ,-
658,17시10분,미야자키 (KMI),AC6986캐나다항공,T1,B19-C36,11, 출발 ,
659,17시10분,미야자키 (KMI),NH6944전일본공수 주식회사,T1,B19-C36,11, 출발 ,
660,17시10분,미야자키 (KMI),EY8450에티하드 항공,T1,B19-C36,11, 출발 ,
661,17시13분,오사카/ 간사이 (KIX),7C1306제주항공,T1,M19-N06,45, 출발 ,-
662,17시13분,오사카/ 간사이 (KIX),H19815한 에어,T1,M19-N06,45, 출발 ,
663,17시15분,오클랜드(뉴질랜드) (AKL),KE129대한항공,T2,A B D E G,233, 출발 ,-
664,17시15분,오클랜드(뉴질랜드) (AKL),KL4245케에엘엠네덜란드항공,T2,A B D E G,233, 출발 ,
665,17시18분,방콕/수완나폼 (BKK),ZE511이스타항공,T1,F06-F18,122, 출발 ,-
666,17시30분,오키나와 (OKA),MM906피치항공,T1,F01-F05,117, 출발 ,-
667,17시32분,다롄 (DLC),CZ696중국남방항공,T1,J05-J18,109, 출발 ,-
668,17시32분,다롄 (DLC),KE5835대한항공,T1,J05-J18,109, 출발 ,
669,17시35분,푸케트 (HKT),KE637대한항공,T2,A B D E G,268, 출발 ,-
670,17시35분,푸케트 (HKT),DL7929델타항공,T2,A B D E G,268, 출발 ,
671,17시36분,오사카/ 간사이 (KIX),KE727대한항공,T2,A B D E G,263, 출발 ,-
672,17시36분,오사카/ 간사이 (KIX),AF7872에어 프랑스,T2,A B D E G,263, 출발 ,
673,17시36분,오사카/ 간사이 (KIX),JL5270일본항공,T2,A B D E G,263, 출발 ,
674,17시38분,부산 (PUS),KE1405대한항공,T2,-,264, 출발 ,-
675,17시38분,부산 (PUS),AZ2775알리탈리아,T2,-,264, 출발 ,
676,17시38분,부산 (PUS),DL7878델타항공,T2,-,264, 출발 ,
677,17시38분,부산 (PUS),AF7903에어 프랑스,T2,-,264, 출발 ,
678,17시38분,부산 (PUS),KL4247케에엘엠네덜란드항공,T2,-,264, 출발 ,
679,17시40분,방콕/수완나폼 (BKK),LJ003진에어,T1,F21-G11,130, 출발 ,-
680,17시42분,톈진 (TSN),CA802중국국제항공,T1,L19-L36,41, 출발 ,-
681,17시42분,톈진 (TSN),OZ6821아시아나항공,T1,L19-L36,41, 출발 ,
682,17시45분,후쿠오카 (FUK),LJ225진에어,T1,F21-G11,38, 출발 ,-
683,17시47분,난징 (NKG),MU580중국동방항공,T1,H19-H30,121, 출발 ,-
684,17시49분,방콕/수완나폼 (BKK),KE651대한항공,T2,A B D E G,266, 출발 ,-
685,17시49분,방콕/수완나폼 (BKK),DL7852델타항공,T2,A B D E G,266, 출발 ,
686,17시51분,호놀룰루 (HNL)(경유),KE001대한항공,T2,A B D E G,257, 출발 ,-
687,17시51분,호놀룰루 (HNL)(경유),AF7888에어 프랑스,T2,A B D E G,257, 출발 ,
688,17시51분,호놀룰루 (HNL)(경유),EY8491에티하드 항공,T2,A B D E G,257, 출발 ,
689,17시51분,호놀룰루 (HNL)(경유),DL7671델타항공,T2,A B D E G,257, 출발 ,
690,17시51분,호놀룰루 (HNL)(경유),JL5204일본항공,T2,A B D E G,257, 출발 ,
691,17시53분,쿠알라룸푸르 (KUL),KE671대한항공,T2,A B D E G,236, 출발 ,-
692,17시53분,쿠알라룸푸르 (KUL),MH5621말레이시아 에어라인스,T2,A B D E G,236, 출발 ,
693,17시53분,쿠알라룸푸르 (KUL),DL7911델타항공,T2,A B D E G,236, 출발 ,
694,17시56분,타이중/칭촨강 (RMQ),OZ7117아시아나항공,T1,B19-C36,28, 출발 ,-
695,17시59분,코타키나발루 (BKI),ZE503이스타항공,T1,F06-F18,126, 출발 ,-
696,18시01분,비엔티안 (VTE),TW131티웨이항공,T1,H01-H18,103, 출발 ,-
697,18시04분,덴파사르 (DPS),KE629대한항공,T2,A B D E G,265, 출발 ,-
698,18시04분,덴파사르 (DPS),GA9965가루다인도네시아,T2,A B D E G,265, 출발 ,
699,18시06분,방콕/수완나폼 (BKK)(경유),TG635타이항공,T1,D26-D34,40, 출발 ,-
700,18시08분,샌프란시스코 (SFO),UA892유나이티드항공,T1,D19-D25,30, 출발 ,-
701,18시08분,샌프란시스코 (SFO),OZ6614아시아나항공,T1,D19-D25,30, 출발 ,
702,18시10분,괌 (GUM),TW301티웨이항공,T1,H01-H18,112, 출발 ,-
703,18시12분,밴쿠버 (YVR),AC064캐나다항공,T1,L19-L29,33, 출발 ,-
704,18시12분,밴쿠버 (YVR),OZ6102아시아나항공,T1,L19-L29,33, 출발 ,
705,18시12분,밴쿠버 (YVR),SQ1002싱가포르항공,T1,L19-L29,33, 출발 ,
706,18시14분,코타키나발루 (BKI),LJ061진에어,T1,F21-G11,39, 출발 ,-
707,18시14분,코타키나발루 (BKI),KE5761대한항공,T1,F21-G11,39, 출발 ,
708,18시16분,나고야 (NGO),7C1608제주항공,T1,M19-N06,102, 출발 ,-
709,18시16분,나고야 (NGO),H19840한 에어,T1,M19-N06,102, 출발 ,
710,18시21분,호찌민 (SGN),KE683대한항공,T2,A B D E G,248, 출발 ,-
711,18시21분,호찌민 (SGN),DL7925델타항공,T2,A B D E G,248, 출발 ,
712,18시21분,호찌민 (SGN),VN3401베트남항공,T2,A B D E G,248, 출발 ,
713,18시25분,지난 (TNA),SC4988산동항공,T1,N12-N14,37, 출발 ,-
714,18시25분,지난 (TNA),OZ6719아시아나항공,T1,N12-N14,37, 출발 ,
715,18시25분,지난 (TNA),CA4988중국국제항공,T1,N12-N14,37, 출발 ,
716,18시27분,치앙마이 (CNX),KE667대한항공,T2,A B D E G,234, 출발 ,-
717,18시27분,치앙마이 (CNX),DL7924델타항공,T2,A B D E G,234, 출발 ,
718,18시33분,양곤 (RGN),KE471대한항공,T2,A B D E G,242, 출발 ,-
719,18시33분,양곤 (RGN),8M7471미얀마국제항공,T2,A B D E G,242, 출발 ,
720,18시38분,치앙마이 (CNX),7C4205제주항공,T1,M19-N06,124, 출발 ,-
721,18시38분,치앙마이 (CNX),H19780한 에어,T1,M19-N06,124, 출발 ,
722,18시39분,쿤밍 (KMG),KE885대한항공,T2,A B D E G,245, 출발 ,-
723,18시39분,쿤밍 (KMG),MU8311중국동방항공,T2,A B D E G,245, 출발 ,
724,18시41분,프놈펜 (PNH),KE689대한항공,T2,A B D E G,233, 출발 ,-
725,18시41분,프놈펜 (PNH),DL7871델타항공,T2,A B D E G,233, 출발 ,
726,18시42분,후쿠오카 (FUK),OZ136아시아나항공,T1,B19-C36,6, 출발 ,-
727,18시42분,후쿠오카 (FUK),TK8094터키항공,T1,B19-C36,6, 출발 ,
728,18시42분,후쿠오카 (FUK),AC6998캐나다항공,T1,B19-C36,6, 출발 ,
729,18시42분,후쿠오카 (FUK),NH6898전일본공수 주식회사,T1,B19-C36,6, 출발 ,
730,18시42분,후쿠오카 (FUK),EY8442에티하드 항공,T1,B19-C36,6, 출발 ,
731,18시45분,상하이/푸동 (PVG),FM828상하이항공,T1,H20-H25,125, 출발 ,-
732,18시45분,상하이/푸동 (PVG),KE5893대한항공,T1,H20-H25,125, 출발 ,
733,18시45분,상하이/푸동 (PVG),MU9828중국동방항공,T1,H20-H25,125, 출발 ,
734,18시50분,하노이 (HAN),VN415베트남항공,T1,E19-E27,107, 출발 ,-
735,18시50분,하노이 (HAN),KE5689대한항공,T1,E19-E27,107, 출발 ,
736,18시51분,후쿠오카 (FUK),TW293티웨이항공,T1,H01-H18,114, 출발 ,-
737,18시53분,후쿠오카 (FUK),KE781대한항공,T2,A B D E G,264, 출발 ,-
738,18시53분,후쿠오카 (FUK),DL7883델타항공,T2,A B D E G,264, 출발 ,
739,18시53분,후쿠오카 (FUK),AZ2772알리탈리아,T2,A B D E G,264, 출발 ,
740,18시53분,후쿠오카 (FUK),KL4258케에엘엠네덜란드항공,T2,A B D E G,264, 출발 ,
741,18시53분,후쿠오카 (FUK),JL5224일본항공,T2,A B D E G,264, 출발 ,
742,18시54분,싱가포르 (SIN),KE645대한항공,T2,A B D E G,246, 출발 ,-
743,18시54분,싱가포르 (SIN),DL7690델타항공,T2,A B D E G,246, 출발 ,
744,18시57분,마닐라 (MNL),7C2305제주항공,T1,M19-N06,118, 출발 ,-
745,18시57분,마닐라 (MNL),H19863한 에어,T1,M19-N06,118, 출발 ,
746,18시58분,댈러스/댈러스포트워스 (DFW),AA280아메리칸항공,T1,M09-M16,31, 출발 ,-
747,18시58분,댈러스/댈러스포트워스 (DFW),MH9428말레이시아 에어라인스,T1,M09-M16,31, 출발 ,
748,18시58분,댈러스/댈러스포트워스 (DFW),KE5031대한항공,T1,M09-M16,31, 출발 ,
749,19시00분,다낭 (DAD),KE463대한항공,T2,A B D E G,252, 출발 ,-
750,19시00분,다낭 (DAD),VN3441베트남항공,T2,A B D E G,252, 출발 ,
751,19시00분,다낭 (DAD),DL7680델타항공,T2,A B D E G,252, 출발 ,
752,19시02분,밴쿠버 (YVR),KE071대한항공,T2,A B D E G,256, 출발 ,-
753,19시04분,하노이 (HAN),KE679대한항공,T2,A B D E G,249, 출발 ,-
754,19시04분,하노이 (HAN),DL7923델타항공,T2,A B D E G,249, 출발 ,
755,19시04분,하노이 (HAN),VN3411베트남항공,T2,A B D E G,249, 출발 ,
756,19시06분,마닐라 (MNL),KE623대한항공,T2,A B D E G,254, 출발 ,-
757,19시09분,베이징 (PEK),CA126중국국제항공,T1,L30-L36,49, 출발 ,-
758,19시09분,베이징 (PEK),OZ6803아시아나항공,T1,L30-L36,49, 출발 ,
759,19시12분,다낭 (DAD),ZE591이스타항공,T1,F06-F18,128, 출발 ,-
760,19시15분,시드니 (SYD),KE121대한항공,T2,A B D E G,231, 출발 ,-
761,19시15분,시드니 (SYD),AF7876에어 프랑스,T2,A B D E G,231, 출발 ,
762,19시18분,시애틀 (SEA),DL198델타항공,T2,F01-F10,247, 출발 ,-
763,19시18분,시애틀 (SEA),KE5019대한항공,T2,F01-F10,247, 출발 ,
764,19시20분,세부 (CEB),KE631대한항공,T2,A B D E G,235, 출발 ,-
765,19시21분,토론토 (YYZ),AC062캐나다항공,T1,L19-L29,35, 출발 ,-
766,19시21분,토론토 (YYZ),OZ6114아시아나항공,T1,L19-L29,35, 출발 ,
767,19시23분,두옹 당(푸꿕) (PQC),OZ771아시아나항공,T1,B19-C36,20, 출발 ,-
768,19시25분,베이징 (PEK),KE853대한항공,T2,A B D E G,255, 출발 ,-
769,19시25분,베이징 (PEK),CZ4506중국남방항공,T2,A B D E G,255, 출발 ,
770,19시25분,베이징 (PEK),MF9096샤먼항공,T2,A B D E G,255, 출발 ,
771,19시27분,도쿄/나리타 (NRT),OZ108아시아나항공,T1,B19-C36,8, 출발 ,-
772,19시27분,도쿄/나리타 (NRT),NH6978전일본공수 주식회사,T1,B19-C36,8, 출발 ,
773,19시27분,도쿄/나리타 (NRT),EY8459에티하드 항공,T1,B19-C36,8, 출발 ,
774,19시27분,도쿄/나리타 (NRT),UA7297유나이티드항공,T1,B19-C36,8, 출발 ,
775,19시29분,다낭 (DAD),OZ755아시아나항공,T1,B19-C36,14, 출발 ,-
776,19시31분,도쿄/나리타 (NRT),KE705대한항공,T2,A B D E G,263, 출발 ,-
777,19시31분,도쿄/나리타 (NRT),DL7672델타항공,T2,A B D E G,263, 출발 ,
778,19시31분,도쿄/나리타 (NRT),JL5206일본항공,T2,A B D E G,263, 출발 ,
779,19시32분,상하이/푸동 (PVG),CZ370중국남방항공,T1,J05-J18,106, 출발 ,-
780,19시32분,상하이/푸동 (PVG),KE5809대한항공,T1,J05-J18,106, 출발 ,
781,19시32분,상하이/푸동 (PVG),MU3500중국동방항공,T1,J05-J18,106, 출발 ,
782,19시34분,코타키나발루 (BKI),ZE501이스타항공,T1,F06-F18,122, 출발 ,-
783,19시36분,나고야 (NGO),KE743대한항공,T2,A B D E G,230, 출발 ,-
784,19시36분,나고야 (NGO),KL9848케에엘엠네덜란드항공,T2,A B D E G,230, 출발 ,
785,19시36분,나고야 (NGO),JL5218일본항공,T2,A B D E G,230, 출발 ,
786,19시36분,나고야 (NGO),AF7909에어 프랑스,T2,A B D E G,230, 출발 ,
787,19시36분,나고야 (NGO),AZ2768알리탈리아,T2,A B D E G,230, 출발 ,
788,19시36분,나고야 (NGO),DL7686델타항공,T2,A B D E G,230, 출발 ,
789,19시38분,미니애폴리스 (MSP),DL170델타항공,T2,F01-F10,251, 출발 ,-
790,19시38분,미니애폴리스 (MSP),KE5033대한항공,T2,F01-F10,251, 출발 ,
791,19시39분,호찌민 (SGN),KE685대한항공,T2,A B D E G,241, 출발 ,-
792,19시39분,호찌민 (SGN),DL7919델타항공,T2,A B D E G,241, 출발 ,
793,19시39분,호찌민 (SGN),VN3407베트남항공,T2,A B D E G,241, 출발 ,
794,19시41분,대구 (TAE),KE1413대한항공,T2,-,250, 출발 ,-
795,19시41분,대구 (TAE),AF7883에어 프랑스,T2,-,250, 출발 ,
796,19시41분,대구 (TAE),AZ2774알리탈리아,T2,-,250, 출발 ,
797,19시41분,대구 (TAE),DL7874델타항공,T2,-,250, 출발 ,
798,19시42분,싱가포르 (SIN),OZ753아시아나항공,T1,B19-C36,26, 출발 ,-
799,19시42분,싱가포르 (SIN),AC6994캐나다항공,T1,B19-C36,26, 출발 ,
800,19시42분,싱가포르 (SIN),SQ5753싱가포르항공,T1,B19-C36,26, 출발 ,
801,19시43분,오사카/ 간사이 (KIX),OZ116아시아나항공,T1,B19-C36,9, 출발 ,-
802,19시43분,오사카/ 간사이 (KIX),NH6956전일본공수 주식회사,T1,B19-C36,9, 출발 ,
803,19시43분,오사카/ 간사이 (KIX),ET1290에티오피아항공,T1,B19-C36,9, 출발 ,
804,19시44분,방콕/수완나폼 (BKK),OZ741아시아나항공,T1,B19-C36,17, 출발 ,-
805,19시44분,방콕/수완나폼 (BKK),AC6996캐나다항공,T1,B19-C36,17, 출발 ,
806,19시44분,방콕/수완나폼 (BKK),ET1298에티오피아항공,T1,B19-C36,17, 출발 ,
807,19시44분,방콕/수완나폼 (BKK),TG6727타이항공,T1,B19-C36,17, 출발 ,
808,19시44분,방콕/수완나폼 (BKK),OS8052오스트리아 항공,T1,B19-C36,17, 출발 ,
809,19시45분,사이판 (SPN),OZ625아시아나항공,T1,B19-C36,18, 출발 ,-
810,19시48분,비엔티안 (VTE),7C4303제주항공,T1,M19-N06,36, 출발 ,-
811,19시48분,비엔티안 (VTE),H19906한 에어,T1,M19-N06,36, 출발 ,
812,19시49분,뉴욕/존에프케네디 (JFK),KE085대한항공,T2,C,265, 출발 ,-
813,19시49분,뉴욕/존에프케네디 (JFK),DL9014델타항공,T2,C,265, 출발 ,
814,19시50분,달랏 (DLI),KE475대한항공,T2,A B D E G,243, 출발 ,-
815,19시52분,부산 (PUS),KE1407대한항공,T2,-,260, 출발 ,-
816,19시52분,부산 (PUS),DL7877델타항공,T2,-,260, 출발 ,
817,19시52분,부산 (PUS),HA6017하와이안 항공,T2,-,260, 출발 ,
818,19시52분,부산 (PUS),KL4249케에엘엠네덜란드항공,T2,-,260, 출발 ,
819,19시54분,상하이/푸동 (PVG),KE895대한항공,T2,A B D E G,236, 출발 ,-
820,19시54분,상하이/푸동 (PVG),FM8754상하이항공,T2,A B D E G,236, 출발 ,
821,19시54분,상하이/푸동 (PVG),MU8379중국동방항공,T2,A B D E G,236, 출발 ,
822,19시54분,괌 (GUM),KE111대한항공,T2,C,239, 출발 ,-
823,19시54분,괌 (GUM),DL9036델타항공,T2,C,239, 출발 ,
824,19시54분,괌 (GUM),EY8526에티하드 항공,T2,C,239, 출발 ,
825,19시56분,방콕/수완나폼 (BKK),KE653대한항공,T2,A B D E G,267, 출발 ,-
826,19시56분,방콕/수완나폼 (BKK),DL7692델타항공,T2,A B D E G,267, 출발 ,
827,19시58분,마닐라 (MNL),OZ703아시아나항공,T1,B19-C36,23, 출발 ,-
828,20시00분,로스앤젤레스 (LAX),KE011대한항공,T2,C,268, 출발 ,-
829,20시00분,로스앤젤레스 (LAX),LA8426란항공,T2,C,268, 출발 ,
830,20시00분,로스앤젤레스 (LAX),AM6704아에로멕시코,T2,C,268, 출발 ,
831,20시00분,로스앤젤레스 (LAX),DL9042델타항공,T2,C,268, 출발 ,
832,20시02분,방콕/수완나폼 (BKK),7C2203제주항공,T1,M19-N06,110, 출발 ,-
833,20시02분,방콕/수완나폼 (BKK),H19857한 에어,T1,M19-N06,110, 출발 ,
834,20시03분,브리즈번 (BNE),KE123대한항공,T2,A B G,234, 출발 ,-
835,20시03분,브리즈번 (BNE),KL9162케에엘엠네덜란드항공,T2,A B G,234, 출발 ,
836,20시05분,홍콩 (HKG),OZ745아시아나항공,T1,B19-C36,10, 출발 ,-
837,20시05분,홍콩 (HKG),UA7308유나이티드항공,T1,B19-C36,10, 출발 ,
838,20시05분,홍콩 (HKG),SA7215남아프리카항공,T1,B19-C36,10, 출발 ,
839,20시05분,홍콩 (HKG),HX1565홍콩항공,T1,B19-C36,10, 출발 ,
840,20시06분,사이판 (SPN),TW307티웨이항공,T1,H01-H18,127, 출발 ,-
841,20시07분,하노이 (HAN),OZ733아시아나항공,T1,B19-C36,15, 출발 ,-
842,20시07분,하노이 (HAN),AC6984캐나다항공,T1,B19-C36,15, 출발 ,
843,20시07분,하노이 (HAN),UA7314유나이티드항공,T1,B19-C36,15, 출발 ,
844,20시09분,프놈펜 (PNH),OZ739아시아나항공,T1,B19-C36,28, 출발 ,-
845,20시09분,프놈펜 (PNH),UA7300유나이티드항공,T1,B19-C36,28, 출발 ,
846,20시10분,톈진 (TSN),GS7994천진항공,T1,J01-J04,41, 출발 ,-
847,20시11분,홍콩 (HKG),CX419캐세이패시픽항공,T1,M01-M10,50, 출발 ,-
848,20시12분,애틀랜타 (ATL),DL026델타항공,T2,F01-F10,252, 출발 ,-
849,20시12분,애틀랜타 (ATL),KE5035대한항공,T2,F01-F10,252, 출발 ,
850,20시14분,부산 (PUS),OZ8531아시아나항공,T1,-,16, 출발 ,-
851,20시14분,부산 (PUS),TG6709타이항공,T1,-,16, 출발 ,
852,20시14분,부산 (PUS),AC6992캐나다항공,T1,-,16, 출발 ,
853,20시14분,부산 (PUS),ET1295에티오피아항공,T1,-,16, 출발 ,
854,20시14분,호찌민 (SGN),OZ735아시아나항공,T1,B19-C36,19, 출발 ,-
855,20시14분,호찌민 (SGN),AC6982캐나다항공,T1,B19-C36,19, 출발 ,
856,20시14분,호찌민 (SGN),EY8464에티하드 항공,T1,B19-C36,19, 출발 ,
857,20시16분,하얼빈 (HRB),CZ684중국남방항공,T1,J05-J18,104, 출발 ,-
858,20시16분,하얼빈 (HRB),OZ6749아시아나항공,T1,J05-J18,104, 출발 ,
859,20시16분,비엔티안 (VTE),LJ051진에어,T1,F21-G11,108, 출발 ,-
860,20시16분,비엔티안 (VTE),KE5757대한항공,T1,F21-G11,108, 출발 ,
861,20시19분,타이베이 (TPE),BR159에바항공,T1,E06-E14,48, 출발 ,-
862,20시19분,타이베이 (TPE),TG6393타이항공,T1,E06-E14,48, 출발 ,
863,20시19분,타이베이 (TPE),NZ4925에어 뉴질랜드,T1,E06-E14,48, 출발 ,
864,20시19분,타이베이 (TPE),OZ6871아시아나항공,T1,E06-E14,48, 출발 ,
865,20시19분,타이베이 (TPE),AC6534캐나다항공,T1,E06-E14,48, 출발 ,
866,20시22분,하노이 (HAN),LJ057진에어,T1,F23-G11,45, 출발 ,-
867,20시22분,하노이 (HAN),KE5767대한항공,T1,F23-G11,45, 출발 ,
868,20시25분,상하이/푸동 (PVG),OZ367아시아나항공,T1,B19-C36,21, 출발 ,-
869,20시26분,코타키나발루 (BKI),7C2507제주항공,T1,M19-N06,34, 출발 ,-
870,20시26분,코타키나발루 (BKI),H19959한 에어,T1,M19-N06,34, 출발 ,
871,20시29분,홍콩 (HKG),KE607대한항공,T2,A B G,257, 출발 ,-
872,20시29분,홍콩 (HKG),DL7897델타항공,T2,A B G,257, 출발 ,
873,20시29분,호놀룰루 (HNL),OZ232아시아나항공,T1,B19-C36,7, 출발 ,-
874,20시29분,호놀룰루 (HNL),TG6733타이항공,T1,B19-C36,7, 출발 ,
875,20시29분,호놀룰루 (HNL),SQ5732싱가포르항공,T1,B19-C36,7, 출발 ,
876,20시31분,마닐라 (MNL),KE649대한항공,T2,A B G,258, 출발 ,-
877,20시32분,방콕/수완나폼 (BKK),KE659대한항공,T2,A B G,256, 출발 ,-
878,20시32분,방콕/수완나폼 (BKK),DL7917델타항공,T2,A B G,256, 출발 ,
879,20시33분,청두 (CTU),OZ323아시아나항공,T1,B19-C36,11, 출발 ,-
880,20시33분,청두 (CTU),CA5024중국국제항공,T1,B19-C36,11, 출발 ,
881,20시35분,세부 (CEB),LJ025진에어,T1,F23-G11,130, 출발 ,-
882,20시35분,시드니 (SYD),OZ601아시아나항공,T1,B19-C36,43, 출발 ,-
883,20시35분,시드니 (SYD),QF368콴타스항공,T1,B19-C36,43, 출발 ,
884,20시35분,시드니 (SYD),TK8096터키항공,T1,B19-C36,43, 출발 ,
885,20시37분,홍콩 (HKG),RS501에어서울,T1,D01-D06,113, 출발 ,-
886,20시37분,홍콩 (HKG),OZ9661아시아나항공,T1,D01-D06,113, 출발 ,
887,20시38분,샌프란시스코 (SFO),KE025대한항공,T2,C,253, 출발 ,-
888,20시38분,샌프란시스코 (SFO),DL7891델타항공,T2,C,253, 출발 ,
889,20시39분,방콕/수완나폼 (BKK),TW101티웨이항공,T1,H01-H18,112, 출발 ,-
890,20시41분,세부 (CEB),7C2405제주항공,T1,M19-N06,131, 출발 ,-
891,20시41분,세부 (CEB),H19865한 에어,T1,M19-N06,131, 출발 ,
892,20시41분,뉴욕/존에프케네디 (JFK),OZ224아시아나항공,T1,B19-C36,22, 출발 ,-
893,20시41분,뉴욕/존에프케네디 (JFK),CM8007코파항공,T1,B19-C36,22, 출발 ,
894,20시41분,뉴욕/존에프케네디 (JFK),UA7302유나이티드항공,T1,B19-C36,22, 출발 ,
895,20시41분,뉴욕/존에프케네디 (JFK),TG6755타이항공,T1,B19-C36,22, 출발 ,
896,20시43분,선양 (SHE),CZ672중국남방항공,T1,J05-J18,107, 출발 ,-
897,20시43분,선양 (SHE),KE5833대한항공,T1,J05-J18,107, 출발 ,
898,20시43분,구이린(계림) (KWL),OZ325아시아나항공,T1,B19-C36,6, 출발 ,-
899,20시46분,방콕/수완나폼 (BKK),OZ743아시아나항공,T1,B19-C36,14, 출발 ,-
900,20시46분,방콕/수완나폼 (BKK),TG6723타이항공,T1,B19-C36,14, 출발 ,
901,20시46분,칭다오 (TAO),7C8403제주항공,T1,M19-N06,37, 출발 ,-
902,20시46분,칭다오 (TAO),H19784한 에어,T1,M19-N06,37, 출발 ,
903,20시48분,마닐라 (MNL),PR469필리핀항공,T1,H26-H36,49, 출발 ,-
904,20시50분,시엠립 (REP),RS545에어서울,T1,D01-D06,105, 출발 ,-
905,20시50분,시엠립 (REP),OZ9685아시아나항공,T1,D01-D06,105, 출발 ,
906,20시53분,푸에르토프린세사 (PPS),ZE571이스타항공,T1,F06-F18,114, 출발 ,-
907,20시55분,호놀룰루 (HNL),KE053대한항공,T2,C,261, 출발 ,-
908,20시55분,호놀룰루 (HNL),HA6019하와이안 항공,T2,C,261, 출발 ,
909,20시55분,호놀룰루 (HNL),DL7939델타항공,T2,C,261, 출발 ,
910,20시58분,나트랑 (CXR),KE467대한항공,T2,A B G,255, 출발 ,-
911,20시58분,나트랑 (CXR),VN3409베트남항공,T2,A B G,255, 출발 ,
912,20시58분,나트랑 (CXR),DL7678델타항공,T2,A B G,255, 출발 ,
913,20시59분,샌프란시스코 (SFO),OZ212아시아나항공,T1,B19-C36,24, 출발 ,-
914,20시59분,샌프란시스코 (SFO),TG6747타이항공,T1,B19-C36,24, 출발 ,
915,20시59분,샌프란시스코 (SFO),SQ5712싱가포르항공,T1,B19-C36,24, 출발 ,
916,20시59분,샌프란시스코 (SFO),UA7289유나이티드항공,T1,B19-C36,24, 출발 ,
917,21시02분,가오슝 (KHH),BR171에바항공,T1,E12-E16,47, 출발 ,-
918,21시02분,가오슝 (KHH),OZ6875아시아나항공,T1,E12-E16,47, 출발 ,
919,21시02분,가오슝 (KHH),AC6538캐나다항공,T1,E12-E16,47, 출발 ,
920,21시03분,로스앤젤레스 (LAX),OZ204아시아나항공,T1,B19-C36,12, 출발 ,-
921,21시03분,로스앤젤레스 (LAX),CM8001코파항공,T1,B19-C36,12, 출발 ,
922,21시03분,로스앤젤레스 (LAX),TG6743타이항공,T1,B19-C36,12, 출발 ,
923,21시03분,로스앤젤레스 (LAX),UA7287유나이티드항공,T1,B19-C36,12, 출발 ,
924,21시03분,로스앤젤레스 (LAX),SQ5704싱가포르항공,T1,B19-C36,12, 출발 ,
925,21시06분,다낭 (DAD),ZE593이스타항공,T1,F06-F18,124, 출발 ,-
926,21시08분,도쿄/하네다 (HND),KE719대한항공,T2,A B G,250, 출발 ,-
927,21시08분,도쿄/하네다 (HND),AF7881에어 프랑스,T2,A B G,250, 출발 ,
928,21시08분,도쿄/하네다 (HND),JL5256일본항공,T2,A B G,250, 출발 ,
929,21시10분,코로르 (ROR),KE677대한항공,T2,A B G,238, 출발 ,-
930,21시10분,코로르 (ROR),DL9026델타항공,T2,A B G,238, 출발 ,
931,21시12분,호찌민 (SGN),TW121티웨이항공,T1,H01-H18,103, 출발 ,-
932,21시14분,오사카/ 간사이 (KIX),MM010피치항공,T1,E01-E07,117, 출발 ,-
933,21시16분,오사카/ 간사이 (KIX),KE721대한항공,T2,A B G,264, 출발 ,-
934,21시16분,오사카/ 간사이 (KIX),JL5214일본항공,T2,A B G,264, 출발 ,
935,21시16분,오사카/ 간사이 (KIX),AZ2771알리탈리아,T2,A B G,264, 출발 ,
936,21시16분,오사카/ 간사이 (KIX),AF7891에어 프랑스,T2,A B G,264, 출발 ,
937,21시16분,오사카/ 간사이 (KIX),DL7682델타항공,T2,A B G,264, 출발 ,
938,21시18분,두옹 당(푸꿕) (PQC),7C4103제주항공,T1,M19-N06,33, 출발 ,-
939,21시18분,두옹 당(푸꿕) (PQC),H19776한 에어,T1,M19-N06,33, 출발 ,
940,21시20분,라스베이거스 (LAS),KE005대한항공,T2,C,233, 출발 ,-
941,21시20분,라스베이거스 (LAS),DL9034델타항공,T2,C,233, 출발 ,
942,21시22분,마카오 (MFM),NX825에어마카우,T1,L23-L27,42, 출발 ,-
943,21시22분,마카오 (MFM),OZ6865아시아나항공,T1,L23-L27,42, 출발 ,
944,21시24분,창사 (CSX),OZ321아시아나항공,T1,B19-C36,9, 출발 ,-
945,21시26분,나트랑 (CXR),ZE561이스타항공,T1,F06-F18,122, 출발 ,-
946,21시28분,칭다오 (TAO),SC4778산동항공,T1,N09-N15,18, 출발 ,-
947,21시28분,칭다오 (TAO),CA4778중국국제항공,T1,N09-N15,18, 출발 ,
948,21시28분,칭다오 (TAO),OZ6713아시아나항공,T1,N09-N15,18, 출발 ,
949,21시30분,광저우 (CAN),OZ357아시아나항공,T1,B19-C36,17, 출발 ,-
950,21시32분,세부 (CEB),OZ709아시아나항공,T1,B19-C36,8, 출발 ,-
951,21시34분,괌 (GUM),7C3106제주항공,T1,M19-N06,31, 출발 ,-
952,21시34분,괌 (GUM),H19882한 에어,T1,M19-N06,31, 출발 ,
953,21시36분,하노이 (HAN),7C2803제주항공,T1,M19-N06,102, 출발 ,-
954,21시36분,하노이 (HAN),H19873한 에어,T1,M19-N06,102, 출발 ,
955,21시39분,방콕/수완나폼 (BKK),ZE513이스타항공,T1,F06-F18,125, 출발 ,-
956,21시41분,코타키나발루 (BKI),RS541에어서울,T1,D01-D06,115, 출발 ,-
957,21시41분,코타키나발루 (BKI),OZ9683아시아나항공,T1,D01-D06,115, 출발 ,
958,21시44분,방콕/수완나폼 (BKK),TG655타이항공,T1,D26-D34,40, 출발 ,-
959,21시46분,싼야 (SYX),7C8601제주항공,T1,M19-N06,34, 출발 ,-
960,21시46분,싼야 (SYX),H19912한 에어,T1,M19-N06,34, 출발 ,
961,21시52분,클라크필드 (CRK),LJ023진에어,T1,F23-G11,128, 출발 ,-
962,21시52분,클라크필드 (CRK),KE5763대한항공,T1,F23-G11,128, 출발 ,
963,21시55분,클라크필드 (CRK),OZ707아시아나항공,T1,B19-C36,20, 출발 ,-
964,22시02분,타이베이 (TPE),CI163중화항공,T2,F10-F17,256, 출발 ,-
965,22시02분,타이베이 (TPE),KE5693대한항공,T2,F10-F17,256, 출발 ,
966,22시02분,타이베이 (TPE),DL7720델타항공,T2,F10-F17,256, 출발 ,
967,22시05분,다낭 (DAD),LJ059진에어,T1,F23-G11,111, 출발 ,-
968,22시05분,다낭 (DAD),KE5769대한항공,T1,F23-G11,111, 출발 ,
969,22시07분,호놀룰루 (HNL),HA460하와이안 항공,T1,M10-M16,32, 출발 ,-
970,22시07분,호놀룰루 (HNL),KE7895대한항공,T1,M10-M16,32, 출발 ,
971,22시07분,호놀룰루 (HNL),TK9148터키항공,T1,M10-M16,32, 출발 ,
972,22시09분,도쿄/하네다 (HND),OZ178아시아나항공,T1,B19-C36,10, 출발 ,-
973,22시09분,도쿄/하네다 (HND),NH6896전일본공수 주식회사,T1,B19-C36,10, 출발 ,
974,22시10분,홍콩 (HKG),UO627홍콩익스프레스,T1,D19-D23,121, 출발 ,-
975,22시12분,다롄 (DLC),CZ676중국남방항공,T1,J05-J18,104, 출발 ,-
976,22시12분,다롄 (DLC),KE5823대한항공,T1,J05-J18,104, 출발 ,
977,22시15분,다낭 (DAD),7C2903제주항공,T1,M19-N06,126, 출발 ,-
978,22시15분,다낭 (DAD),H19877한 에어,T1,M19-N06,126, 출발 ,
979,22시19분,마카오 (MFM),LJ121진에어,T1,F23-F36,38, 출발 ,-
980,22시19분,마카오 (MFM),KE5753대한항공,T1,F23-F36,38, 출발 ,
981,22시21분,호찌민 (SGN),7C4703제주항공,T1,M19-N06,110, 출발 ,-
982,22시21분,호찌민 (SGN),H19908한 에어,T1,M19-N06,110, 출발 ,
983,22시24분,칼리보 (KLO),RS531에어서울,T1,D01-D06,106, 출발 ,-
984,22시24분,칼리보 (KLO),OZ9681아시아나항공,T1,D01-D06,106, 출발 ,
985,22시33분,세부 (CEB),Z29047필리핀에어아시아,T1,F01-F06,117, 출발 ,-
986,22시35분,마카오 (MFM),7C2003제주항공,T1,M19-N06,37, 출발 ,-
987,22시35분,마카오 (MFM),H19851한 에어,T1,M19-N06,37, 출발 ,
988,22시37분,세부 (CEB),5J129세부퍼시픽항공,T1,J01-J05,113, 출발 ,-
989,22시39분,블라디보스토크 (VVO),HZ5435오로라항공,T1,D24-D27,28, 출발 ,-
990,22시39분,블라디보스토크 (VVO),KE5981대한항공,T1,D24-D27,28, 출발 ,
991,22시39분,블라디보스토크 (VVO),SU5435아에로플로트 러시아항공,T1,D24-D27,28, 출발 ,
992,22시43분,세부 (CEB),7C2407제주항공,T1,M19-N06,112, 출발 ,-
993,22시43분,세부 (CEB),H19937한 에어,T1,M19-N06,112, 출발 ,
994,22시46분,하노이 (HAN),TW163티웨이항공,T1,H01-H18,114, 출발 ,-
995,22시47분,옌타이 (YNT),SC4708산동항공,T1,N09-N15,16, 출발 ,-
996,22시47분,옌타이 (YNT),OZ6711아시아나항공,T1,N09-N15,16, 출발 ,
997,22시47분,옌타이 (YNT),CA4708중국국제항공,T1,N09-N15,16, 출발 ,
998,22시50분,싱가포르 (SIN)(경유),TR897스쿠트타이거항공,T1,E24-E30,107, 출발 ,-
999,22시52분,선전 (SZX),ZH9038심천항공,T1,C19-C22,27, 출발 ,-
1000,22시52분,선전 (SZX),OZ6893아시아나항공,T1,C19-C22,27, 출발 ,
1001,22시52분,선전 (SZX),CA3438중국국제항공,T1,C19-C22,27, 출발 ,
1002,22시53분,반다르스리브가완 (BWN),BI652로얄브루나이항공,T1,F19-F22,41, 출발 ,-
1003,22시53분,반다르스리브가완 (BWN),KE5651대한항공,T1,F19-F22,41, 출발 ,
1004,22시55분,도쿄/하네다 (HND),MM808피치항공,T1,E01-E07,119, 출발 ,-
1005,22시56분,사이판 (SPN),7C3404제주항공,T1,M19-N06,33, 출발 ,-
1006,22시56분,사이판 (SPN),H19890한 에어,T1,M19-N06,33, 출발 ,
1007,22시58분,쿤밍 (KMG),MU2004중국동방항공,T1,H19-H30,127, 출발 ,-
1008,22시58분,쿤밍 (KMG),KE5855대한항공,T1,H19-H30,127, 출발 ,
1009,22시59분,다낭 (DAD),VJ875비엣젯항공,T1,E31-E34,105, 출발 ,-
1010,22시59분,타슈켄트 (TAS),HY514우즈베키스탄항공,T1,L28-L34,35, 출발 ,-
1011,22시59분,타슈켄트 (TAS),KE5943대한항공,T1,L28-L34,35, 출발 ,
1012,23시02분,코로르 (ROR),OZ609아시아나항공,T1,B19-C36,15, 출발 ,-
1013,23시04분,블라디보스토크 (VVO),S76274S7항공 ,T1,N06-N11,47, 출발 ,-
1014,23시04분,블라디보스토크 (VVO),OZ6584아시아나항공,T1,N06-N11,47, 출발 ,
1015,23시05분,클라크필드 (CRK),PR493필리핀항공,T1,H31-H36,30, 출발 ,-
1016,23시09분,클라크필드 (CRK),7C4603제주항공,T1,M19-N06,108, 출발 ,-
1017,23시09분,클라크필드 (CRK),H19766한 에어,T1,M19-N06,108, 출발 ,
1018,23시12분,골드코스트 (OOL),JQ050젯스타,T1,G11-G17,109, 출발 ,-
1019,23시12분,골드코스트 (OOL),7C7002제주항공,T1,G11-G17,109, 출발 ,
1020,23시15분,마카오 (MFM),TW107티웨이항공,T1,H01-H18,103, 출발 ,-
1021,23시19분,나트랑 (CXR),TW157티웨이항공,T1,H01-H18,122, 출발 ,-
1022,23시23분,싱가포르 (SIN),KE647대한항공,T2,A B G,251, 출발 ,-
1023,23시23분,싱가포르 (SIN),DL7662델타항공,T2,A B G,251, 출발 ,
1024,23시25분,칭다오 (TAO),QW9902청도항공,T1,H13-H16,14, 출발 ,-
1025,23시31분,다낭 (DAD),TW127티웨이항공,T1,H01-H18,102, 출발 ,-
1026,23시33분,상하이/푸동 (PVG),ZE871이스타항공,T1,F07-F18,130, 출발 ,-
1027,23시34분,이스탄불 (IST),TK089터키항공,T1,E06-E18,24, 출발 ,-
1028,23시34분,이스탄불 (IST),OZ6933아시아나항공,T1,E06-E18,24, 출발 ,
1029,23시35분,싱가포르 (SIN),SQ603싱가포르항공,T1,D08-D17,23, 출발 ,-
1030,23시35분,싱가포르 (SIN),AC6306캐나다항공,T1,D08-D17,23, 출발 ,
1031,23시35분,싱가포르 (SIN),VA5405버진 오스트레일리아,T1,D08-D17,23, 출발 ,
1032,23시35분,싱가포르 (SIN),OZ6783아시아나항공,T1,D08-D17,23, 출발 ,
1033,23시41분,마닐라 (MNL),Z2889필리핀에어아시아,T1,F01-F06,115, 출발 ,-
1034,23시43분,나트랑 (CXR),7C4907제주항공,T1,M19-M36,45, 출발 ,-
1035,23시43분,나트랑 (CXR),H19782한 에어,T1,M19-M36,45, 출발 ,
1036,23시45분,정저우 (CGO),ZE853이스타항공,T1,F07-F18,124, 출발 ,-
1037,23시51분,선전 (SZX),BX319에어부산,T1,L19-L22,121, 출발 ,-
1038,23시53분,홍콩 (HKG),HX623홍콩항공,T1,L23-L26,42, 출발 ,-
1039,23시53분,홍콩 (HKG),AI7193에어인디아 리미티드,T1,L23-L26,42, 출발 ,
1040,23시53분,홍콩 (HKG),OZ9291아시아나항공,T1,L23-L26,42, 출발 ,
1041,23시57분,칭다오 (TAO),SC4722산동항공,T1,L27-L30,17, 출발 ,-
1042,23시57분,칭다오 (TAO),CA4722중국국제항공,T1,L27-L30,17, 출발 ,
1043,23시57분,칭다오 (TAO),OZ6717아시아나항공,T1,L27-L30,17, 출발 ,
